,song_name,main_artist,artist_count,released_year,released_month,released_day,streams,bpm,mode,danceability_%,valence_%,energy_%,acousticness_%,instrumentalness_%,liveness_%,speechiness_%
0,seven,latto,2,2023,7,14,141381703,125,Major,80,89,83,31,0,8,4
1,lala,myke towers,1,2023,3,23,133716286,92,Major,71,61,74,7,0,10,4
2,vampire,olivia rodrigo,1,2023,6,30,140003974,138,Major,51,32,53,17,0,31,6
3,cruel summer,taylor swift,1,2019,8,23,800840817,170,Major,55,58,72,11,0,11,15
4,where she goes,bad bunny,1,2023,5,18,303236322,144,Minor,65,23,80,14,63,11,6
5,sprinter,dave,2,2023,6,1,183706234,141,Major,92,66,58,19,0,8,24
6,ella baila sola,eslabon armado,2,2023,3,16,725980112,148,Minor,67,83,76,48,0,8,3
7,columbia,quevedo,1,2023,7,7,58149378,100,Major,67,26,71,37,0,11,4
8,fukumean,gunna,1,2023,5,15,95217315,130,Minor,85,22,62,12,0,28,9
9,la bebe - remix,peso pluma,2,2023,3,17,553634067,170,Minor,81,56,48,21,0,8,33
10,un x100to,bad bunny,2,2023,4,17,505671438,83,Minor,57,56,72,23,0,27,5
11,super shy,newjeans,1,2023,7,7,58255150,150,Minor,78,52,82,18,0,15,7
12,flowers,miley cyrus,1,2023,1,12,1316855716,118,Major,71,65,68,6,0,3,7
13,daylight,david kushner,1,2023,4,14,387570742,130,Minor,51,32,43,83,0,9,3
14,as it was,harry styles,1,2022,3,31,2513188493,174,Minor,52,66,73,34,0,31,6
15,kill bill,sza,1,2022,12,8,1163093654,89,Major,64,43,73,5,17,16,4
16,cupid - twin ver.,fifty fifty,1,2023,2,24,496795686,120,Minor,78,76,59,43,0,34,3
17,"what was i made for? [from the motion picture ""barbie""]",billie eilish,1,2023,7,13,30546883,78,Major,44,14,9,96,0,10,3
18,classy 101,feid,2,2023,3,31,335222234,100,Major,86,67,66,14,0,12,16
19,like crazy,jimin,1,2023,3,24,363369738,120,Major,63,36,73,0,0,36,4
20,lady gaga,gabito ballesteros,3,2023,6,22,86444842,140,Minor,65,87,74,22,0,42,4
21,i can see you,taylor swift,1,2023,7,7,52135248,123,Major,69,82,76,6,0,6,3
22,i wanna be yours,arctic monkeys,1,2013,1,1,1297026226,135,Minor,48,44,42,12,2,11,3
23,"peso pluma: bzrp music sessions, vol. 55",bizarrap,2,2023,5,31,200647221,133,Minor,85,81,67,26,0,12,5
24,popular,the weeknd,3,2023,6,2,115364561,99,Major,85,83,68,7,0,36,20
25,sabor fresa,fuerza regida,1,2023,6,22,78300654,130,Minor,79,96,86,9,0,9,9
26,calm down,rï¿½ï¿½ma,2,2022,3,25,899183384,107,Major,80,82,80,43,0,14,4
27,mojabi ghost,tainy,2,2023,6,29,61245289,122,Minor,81,74,71,14,0,56,4
28,last night,morgan wallen,1,2023,1,31,429829812,204,Major,52,52,68,46,0,15,4
29,dance the night,dua lipa,1,2023,5,25,127408954,110,Minor,67,78,85,2,0,33,5
30,rush,troye sivan,1,2023,7,13,22581161,126,Minor,74,35,84,0,0,11,6
31,tulum,peso pluma,2,2023,6,28,52294266,168,Major,56,63,87,39,0,11,5
32,creepin',the weeknd,3,2022,12,2,843957510,98,Minor,71,17,61,36,0,8,5
33,anti-hero,taylor swift,1,2022,10,21,999748277,97,Major,64,51,63,12,0,19,5
34,tqg,karol g,2,2023,2,23,618990393,180,Minor,72,61,63,67,0,9,28
35,los del espacio,big one,8,2023,6,1,123122413,120,Major,81,63,68,11,0,11,4
36,frï¿½ï¿½gil,yahritza y su esencia,2,2023,4,7,188933502,150,Major,61,39,73,37,0,11,3
37,blank space,taylor swift,1,2014,1,1,1355959075,96,Major,75,57,68,9,0,13,6
38,style,taylor swift,1,2014,1,1,786181836,95,Major,60,48,79,0,0,12,4
39,tqm,fuerza regida,1,2023,5,19,176553476,125,Minor,79,96,85,27,0,11,6
40,el azul,junior h,2,2023,2,10,354495408,144,Minor,56,84,65,23,0,10,6
41,sunflower - spider-man: into the spider-verse,post malone,2,2018,10,9,2808096550,90,Major,76,91,50,54,0,7,5
42,i'm good,bebe rexha,2,2022,8,26,1109433169,128,Minor,56,38,97,4,0,35,4
43,see you again,tyler,3,2017,7,21,1047101291,79,Major,56,58,56,37,0,11,10
44,barbie world,nicki minaj,3,2023,6,23,65156199,144,Major,77,75,58,52,0,23,25
45,angels like you,miley cyrus,1,2020,11,27,570515054,122,Major,67,49,64,10,0,10,3
46,i ain't worried,onerepublic,1,2022,5,13,1085685420,140,Major,71,82,81,11,0,6,5
47,die for you,the weeknd,1,2016,11,24,1647990401,134,Minor,59,51,52,9,0,15,7
48,starboy,the weeknd,2,2016,9,21,2565529693,186,Major,68,49,59,16,0,13,28
49,die for you - remix,ariana grande,2,2023,2,24,518745108,67,Minor,53,50,53,23,0,44,7
50,el cielo,feid,3,2023,6,2,107753850,106,Minor,72,17,64,7,0,10,5
51,baby don't hurt me,david guetta,3,2023,4,6,177740666,128,Major,60,23,91,0,0,12,3
52,amargura,karol g,1,2023,2,24,153372011,107,Minor,92,55,70,18,0,15,7
53,,peggy gou,1,2023,6,15,57876440,130,Minor,67,96,88,12,19,8,4
54,another love,tom odell,1,2012,10,15,1813673666,123,Minor,45,13,54,70,0,9,4
55,blinding lights,the weeknd,1,2019,11,29,3703895074,171,Major,50,38,80,0,0,9,7
56,moonlight,kali uchis,1,2023,2,24,256483385,137,Minor,64,88,72,51,0,17,5
57,la bachata,manuel turizo,1,2022,5,26,1214083358,125,Minor,84,85,68,58,0,22,4
58,s91,karol g,1,2023,7,14,16011326,128,Minor,86,42,72,59,0,9,19
59,cardigan,taylor swift,1,2020,7,24,812019557,130,Minor,61,53,58,55,0,27,4
60,tï¿½ï¿,dennis,2,2023,5,4,111947664,130,Major,86,59,96,50,1,9,5
61,boy's a liar pt. 2,pinkpantheress,2,2023,2,3,156338624,133,Major,70,86,81,25,0,25,5
62,left and right,charlie puth,3,2022,6,24,720434240,101,Major,88,72,59,62,0,9,3
63,beso,rauw alejandro,2,2023,3,24,357925728,95,Minor,77,53,64,74,0,17,14
64,hey mor,ozuna,2,2022,10,6,674072710,98,Minor,90,40,59,0,0,10,29
65,yellow,chris molitor,1,1999,1,1,1755214421,173,Major,43,28,66,0,0,23,3
66,karma,taylor swift,1,2022,10,21,404562836,90,Major,64,10,62,7,0,48,7
67,people,libianca,1,2022,12,2,373199958,198,Minor,59,71,42,55,0,10,7
68,overdrive,post malone,1,2023,7,14,14780425,140,Major,56,48,73,0,0,35,4
69,enchanted,taylor swift,1,2023,7,7,39578178,82,Major,51,22,53,1,0,15,3
70,baby hello,rauw alejandro,2,2023,6,23,54266102,130,Minor,77,84,89,17,0,43,5
71,heat waves,glass animals,1,2020,6,28,2557975762,81,Major,76,53,53,44,0,9,9
72,golden hour,jvke,1,2022,7,15,751134527,94,Minor,51,14,59,65,18,25,3
73,sweater weather,the neighbourhood,1,2012,5,14,2282771485,124,Major,61,41,81,5,2,10,3
74,"quevedo: bzrp music sessions, vol. 52",bizarrap,2,2022,7,6,1356565093,128,Major,62,55,78,1,3,23,4
75,viva la vida,coldplay,1,2008,1,1,1592909789,138,Minor,49,42,62,9,0,11,3
76,here with me,d4vd,1,2022,7,17,635412045,132,Major,58,27,48,50,0,12,3
77,unholy,sam smith,2,2022,9,22,1230675890,131,Major,71,24,47,1,0,27,9
78,yandel 150,yandel,2,2022,12,20,585695368,168,Minor,78,58,73,5,0,10,7
79,corazï¿½ï¿½n va,maria becerra,1,2023,6,22,43857627,98,Major,68,40,79,33,0,30,6
80,riptide,vance joy,1,1975,1,1,2009094673,102,Major,48,50,73,43,0,15,4
81,until i found you,em beihold,2,2022,4,22,600976848,101,Major,34,32,57,78,0,20,3
82,novidade na ï¿½ï¿,mc livinho,2,2023,6,23,39709092,130,Major,63,36,34,76,0,35,9
83,back to december,taylor swift,1,2023,7,7,39228929,142,Major,50,20,64,1,0,12,3
84,stay,justin bieber,2,2021,7,9,2665343922,170,Major,59,48,76,4,0,10,5
85,el merengue,marshmello,2,2023,3,3,223633238,124,Minor,78,70,68,3,1,11,4
86,someone you loved,lewis capaldi,1,2018,11,8,2887241814,110,Major,50,45,41,75,0,11,3
87,me porto bonito,chencho corleone,2,2022,5,6,1440757818,92,Minor,91,43,71,9,0,9,8
88,makeba,jain,1,2015,6,22,165484133,116,Major,82,40,66,39,51,25,7
89,montagem - fr punk,ayparia,2,2012,6,20,58054811,129,Major,63,84,82,70,8,9,7
90,fast car,luke combs,1,2023,3,24,157058870,98,Major,71,67,60,19,0,12,3
91,what it is,doechii,1,2023,3,17,95131998,172,Minor,74,76,76,6,0,10,9
92,coco chanel,bad bunny,2,2023,3,17,250305248,150,Major,68,14,76,4,0,10,4
93,donï¿½ï¿½ï¿½t bl,taylor swift,1,2017,11,8,685032533,136,Minor,62,19,53,11,0,6,4
94,still with you,jung kook,1,2020,6,5,38411956,88,Minor,53,34,47,9,0,83,4
95,all my life,j. cole,2,2023,5,12,144565150,143,Major,83,69,44,15,0,10,33
96,say yes to heaven,lana del rey,1,2023,3,17,127567540,100,Minor,49,17,35,71,9,11,3
97,snooze,sza,1,2022,12,9,399686758,143,Major,56,39,55,14,0,11,13
98,summertime sadness,lana del rey,1,2011,1,1,983637508,112,Minor,56,24,66,7,0,12,3
99,take two,bts,1,2023,6,9,118482347,93,Major,62,57,59,3,0,38,3
100,lover,taylor swift,1,2012,1,1,882831184,206,Major,43,50,55,50,0,15,10
101,too many nights,future,3,2022,12,2,286400165,88,Minor,68,17,71,15,0,11,5
102,chemical,post malone,1,2023,4,14,172825906,170,Major,50,37,90,0,0,12,5
103,mockingbird,eminem,1,2004,1,1,1241559043,84,Minor,62,24,67,21,0,13,28
104,new jeans,newjeans,1,2023,7,7,29562220,134,Minor,81,53,72,51,0,12,5
105,primera cita,carin leon,1,2022,4,20,77309611,158,Major,54,50,40,61,0,10,6
106,cold heart - pnau remix,dua lipa,3,2017,11,10,1605224506,116,Major,80,92,80,4,0,10,3
107,dandelions,ruth b.,1,2017,4,28,1116995633,117,Major,61,45,69,2,0,9,3
108,bones,imagine dragons,1,2021,3,11,838079900,114,Minor,77,65,72,2,0,7,5
109,set fire to the rain,adele,1,2011,1,1,1163620694,108,Minor,61,47,68,0,0,13,3
110,money trees,kendrick lamar,2,2012,1,1,1093605526,144,Minor,74,37,53,7,0,21,10
111,tak segampang itu,anggi marito,1,2022,12,2,179659294,130,Major,51,18,44,76,0,11,3
112,lagunas,jasiel nuï¿½ï¿½ez,2,2023,6,22,39058561,116,Major,77,79,62,33,1,15,3
113,mine,taylor swift,1,2023,7,7,36912123,121,Major,65,49,78,0,0,17,4
114,everybody wants to rule the world,tears for fears,1,1985,2,17,1205951614,112,Major,64,54,81,36,0,11,6
115,no role modelz,j. cole,1,2014,12,9,1791000570,100,Minor,70,47,52,30,0,6,33
116,tattoo,loreen,1,2023,2,25,201660859,150,Minor,55,30,78,24,0,12,8
117,rara vez,taiu,2,2023,2,8,248088961,120,Minor,84,96,71,18,0,34,17
118,vagabundo,sebastian yatra,3,2023,5,12,90839753,127,Minor,82,89,85,4,0,23,6
119,august,taylor swift,1,2020,7,24,607123776,90,Major,51,42,61,53,0,9,3
120,luna,junior h,2,2023,6,22,55842345,128,Minor,75,79,63,33,0,15,4
121,miracle,calvin harris,2,2023,3,10,211050784,143,Major,64,31,87,4,4,8,4
122,nonsense,sabrina carpenter,1,2022,7,15,342897938,139,Major,74,68,68,3,0,26,4
123,que vuelvas,carin leon,2,2022,12,9,2762,162,Major,49,78,64,19,0,11,4
124,por las noches,peso pluma,1,2021,6,11,330346424,92,Major,81,39,60,31,0,7,3
125,feliz cumpleaï¿½ï¿½os fe,feid,1,2022,8,19,601863821,95,Major,87,57,55,10,0,29,7
126,can't hold us,ray dalton,3,2011,8,16,1953533826,146,Major,63,88,93,3,0,10,8
127,watermelon sugar,harry styles,1,2019,11,17,2322580122,95,Major,55,56,82,12,0,34,5
128,lovely - bonus track,billie eilish,2,2017,8,11,2355719893,115,Minor,35,12,30,93,0,10,3
129,"rauw alejandro: bzrp music sessions, vol. 56",rauw alejandro,2,2023,6,21,66902503,128,Major,78,59,65,10,0,26,5
130,queencard,(g)i-dle,1,2023,5,15,96273746,130,Minor,82,69,83,3,0,27,5
131,omg,newjeans,1,2023,1,2,430977451,127,Minor,80,74,77,36,0,11,4
132,radio,lana del rey,1,2011,1,1,284819874,150,Major,42,20,86,21,0,9,9
133,"shakira: bzrp music sessions, vol. 53",shakira,2,2023,1,11,721975598,122,Minor,78,50,63,27,0,9,5
134,505,arctic monkeys,1,2007,4,20,1217120710,140,Major,52,20,85,0,0,7,5
135,calling,swae lee,4,2023,6,2,109276132,140,Major,63,22,54,46,0,12,8
136,trance,travis scott,3,2022,12,2,276259178,119,Minor,75,48,53,18,0,18,34
137,tere vaaste,sachin-jigar,5,2023,5,22,54225632,110,Minor,76,96,72,32,0,9,4
138,perfect,ed sheeran,1,2017,1,1,2559529074,95,Major,60,17,45,16,0,11,2
139,romantic homicide,d4vd,1,2022,7,20,681583126,132,Major,56,20,55,45,1,32,3
140,believer,imagine dragons,1,2017,1,31,2594040133,125,Minor,77,74,78,4,0,23,11
141,novo balanï¿½,veigh,4,2023,5,19,81102253,124,Minor,84,65,50,67,0,13,6
142,"gol bolinha, gol quadrado 2",mc pedrinho,2,2023,6,1,11956641,133,Minor,93,68,65,42,0,12,25
143,without me,eminem,1,2002,1,1,1687664027,112,Major,92,67,66,0,0,36,9
144,quema,sog,3,2023,7,13,11599388,97,Major,79,92,89,5,0,6,5
145,stargirl interlude,the weeknd,2,2016,11,24,611700552,90,Minor,59,52,48,38,5,10,11
146,ojitos lindos,bomba estï¿½ï¿½reo,2,2022,5,6,1133865788,80,Minor,65,27,69,8,0,53,4
147,somewhere only we know,keane,1,2004,1,1,1089402494,172,Major,45,33,59,6,0,8,3
148,those eyes,new west,1,2019,5,10,411747614,120,Major,60,24,35,73,0,31,3
149,el gordo trae el mando,chino pacas,1,2023,1,27,255932395,140,Minor,74,96,80,18,0,5,5
150,mi bello angel,natanael cano,1,2023,6,30,31873544,128,Minor,81,90,77,1,0,9,5
151,bye,peso pluma,1,2023,5,26,95053634,122,Major,78,70,81,57,0,10,5
152,danza kuduro,don omar,2,2010,1,1,1279434863,130,Major,47,86,92,8,0,5,24
153,nosso quadro,ana castela,2,2023,2,2,233801632,160,Major,69,61,71,33,0,31,20
154,locked out of heaven,bruno mars,1,2012,12,5,1481349984,144,Major,73,87,70,6,0,28,5
155,un finde | crossover #2,big one,3,2023,4,4,142095275,192,Major,50,85,52,11,0,28,6
156,jimmy cooks,drake,2,2022,6,17,618885532,163,Major,54,40,67,0,0,9,17
157,counting stars,onerepublic,1,2013,1,1,2011464183,122,Minor,66,48,71,6,0,12,4
158,ghost,justin bieber,1,2021,3,19,1167330737,154,Major,61,41,74,21,0,40,6
159,under the influence,chris brown,1,2019,10,4,929964809,117,Minor,73,31,69,6,0,11,4
160,prc,natanael cano,2,2023,1,23,436027885,138,Minor,78,89,83,10,0,12,5
161,gasolina,daddy yankee,1,2004,7,13,657723613,96,Major,86,74,80,33,0,8,6
162,one dance,drake,3,2016,4,4,2713922350,104,Major,77,36,63,1,0,36,5
164,save your tears,the weeknd,1,2020,3,20,1591223784,118,Major,68,61,82,2,0,50,3
165,sure thing,miguel,1,2010,5,25,950906471,81,Minor,68,51,60,3,0,19,10
166,every breath you take - remastered 2003,the police,1,1983,1,6,1593270737,117,Major,82,73,45,54,0,7,3
167,the night we met,lord huron,1,2015,2,2,1410088830,174,Major,45,10,37,97,25,64,4
168,we found love,rihanna,2,2011,1,1,1235005533,128,Major,73,60,77,3,0,11,4
169,when i was your man,bruno mars,1,2012,12,5,1661187319,145,Major,60,43,27,94,0,14,4
170,let me down slowly,alec benjamin,1,2018,5,25,1374581173,150,Minor,65,51,55,73,0,14,3
171,am i dreaming,a$ap rocky,3,2023,6,2,94186466,90,Minor,60,13,53,4,0,21,4
172,do i wanna know?,arctic monkeys,1,2013,1,1,1788326445,85,Major,55,42,53,17,0,22,3
173,demons,imagine dragons,1,2012,1,1,1840364617,180,Major,33,38,71,20,0,28,5
174,ýýýýýýýýýýýý,yoasobi,1,2023,4,12,143573775,166,Major,57,84,94,11,0,37,9
175,reminder,the weeknd,1,2016,11,25,684675814,160,Major,71,40,50,16,0,16,22
176,shake it off,taylor swift,1,2014,1,1,1113838873,160,Major,65,95,80,5,0,41,16
177,why'd you only call me when you're high?,arctic monkeys,1,2013,1,1,1267333350,92,Major,70,81,63,4,0,8,4
178,snap,rosa linn,1,2022,3,19,726307468,170,Major,56,53,64,11,0,45,6
179,shape of you,ed sheeran,1,2017,1,6,3562543890,96,Minor,83,93,65,58,0,9,8
180,night changes,one direction,1,2014,11,17,1131090940,120,Major,67,40,52,86,0,12,4
181,fin de semana,oscar maydon,2,2023,1,13,307370144,98,Major,70,37,54,6,0,9,8
182,creep,radiohead,1,1992,9,21,1271293243,92,Major,53,12,34,1,0,12,4
183,car's outside,james arthur,1,2019,10,18,265882712,150,Major,34,24,56,4,0,11,3
184,apocalypse,cigarettes after sex,1,2017,3,21,841749534,94,Major,37,17,47,2,46,11,3
185,cheques,shubh,1,2023,5,19,47956378,90,Minor,74,36,63,26,0,27,5
186,pink + white,frank ocean,1,2016,8,20,806397070,160,Major,54,54,55,67,0,42,11
187,circles,post malone,1,2019,8,30,2132335812,120,Major,70,59,75,24,0,9,4
188,just the way you are,bruno mars,1,2010,1,1,1641426668,109,Major,63,46,85,1,0,9,5
189,take me to church,hozier,1,2013,9,13,2135158446,129,Minor,57,41,66,63,0,12,5
190,bebe dame,fuerza regida,2,2022,12,16,367316268,157,Major,54,75,60,30,0,7,5
191,you belong with me,taylor swift,1,2021,4,9,350381515,130,Major,63,49,73,5,0,9,3
192,titi me preguntï¿,bad bunny,1,2022,5,6,1264310836,107,Minor,65,19,72,10,0,13,25
193,better than revenge,taylor swift,1,2023,7,7,30343206,146,Minor,50,67,89,0,0,19,8
194,shut up my moms calling,hotel ugly,1,2020,2,10,405136812,139,Minor,48,37,41,32,0,10,10
195,have you ever seen the rain?,creedence clearwater revival,1,1968,7,1,1145727611,116,Major,74,76,70,7,0,13,3
196,es un secreto,plan b,1,2010,7,20,540654286,95,Minor,84,52,77,12,0,7,4
197,polaris - remix,feid,4,2023,6,8,57312735,170,Minor,62,55,80,15,0,37,7
198,ditto,newjeans,1,2022,12,19,397582059,134,Minor,81,18,64,3,0,10,11
199,take on me,a-ha,1,1984,10,19,1479115056,84,Minor,57,86,90,2,0,9,5
200,annihilate,swae lee,4,2023,6,2,86773632,146,Minor,61,20,48,21,0,12,6
201,angel pt 1,kodak black,5,2023,5,1,133753727,74,Minor,53,24,67,11,0,10,28
202,acrï¿½ï¿½s,shakira,1,2023,5,11,123124076,144,Major,75,35,48,84,0,10,12
203,amg,natanael cano,3,2022,11,24,463564958,136,Minor,77,79,73,15,0,27,10
204,phir aur kya chahiye,arijit singh,3,2023,5,15,64533040,100,Major,56,53,55,53,0,12,4
205,s-class,stray kids,1,2023,6,2,65496046,105,Minor,89,67,78,9,0,7,33
206,hits different,taylor swift,1,2023,5,26,68616963,106,Major,67,24,78,15,0,30,4
207,chanel,becky g,2,2023,3,30,161460990,132,Major,85,53,68,40,0,9,4
208,self love,metro boomin,2,2023,6,2,70106975,120,Major,78,5,30,21,0,13,5
209,area codes,kaliii,2,2023,3,17,113509496,155,Major,82,51,39,2,0,9,49
210,abcdario,junior h,2,2023,5,13,89933133,129,Major,70,42,43,78,0,11,3
211,obsessed,abhijay sharma,2,2022,9,29,71007139,135,Minor,80,85,74,62,0,8,9
212,piï¿½ï¿½man deï¿,semicenk,2,2023,6,2,43522589,98,Minor,73,45,62,28,0,13,13
213,flower,jisoo,1,2023,3,31,232896922,124,Minor,84,64,39,3,0,11,4
214,all the way live,future,3,2023,6,2,37126685,135,Minor,77,28,55,18,0,22,15
215,eyes closed,ed sheeran,1,2023,3,23,195576623,107,Major,78,39,53,30,0,11,6
216,escapism.,raye,2,2022,10,12,532336353,96,Major,54,25,74,14,0,9,11
217,la jumpa,arcangel,2,2022,11,30,538115192,123,Major,71,58,70,30,0,32,19
219,superhero,future,3,2022,12,2,401036314,117,Minor,72,45,59,14,0,20,21
220,las morras,blessd,2,2023,4,4,127026613,133,Minor,78,90,84,31,0,7,4
221,chorrito pa las animas,feid,1,2022,12,2,345031710,96,Minor,74,61,83,11,0,35,6
222,ch y la pizza,fuerza regida,2,2022,12,1,288101651,149,Major,66,85,60,40,0,14,13
223,snow on the beach,lana del rey,2,2023,5,26,60350538,110,Minor,66,32,40,81,0,11,3
224,players,coi leray,1,2022,11,30,335074782,105,Major,95,62,52,3,0,5,16
225,bite me,enhypen,1,2023,5,22,76767396,105,Major,80,69,78,28,0,11,14
226,stand by me,lil durk,2,2023,5,26,46065667,134,Major,76,61,58,6,0,16,3
227,normal,feid,1,2022,7,8,459276435,170,Minor,71,59,56,4,0,27,12
228,hummingbird,james blake,2,2023,6,2,39666245,81,Major,59,26,60,46,1,25,13
229,seu brilho sumiu - ao vivo,israel & rodolffo,2,2023,3,1,138517666,154,Major,63,75,92,31,0,91,5
230,bad habit,steve lacy,1,2022,6,29,822633917,169,Major,69,69,51,63,0,38,4
231,cuff it,beyoncï¿,1,2022,7,29,595900742,115,Major,78,64,69,4,0,7,14
232,lilith,halsey,2,2023,6,5,51985779,84,Minor,43,14,74,1,0,19,8
233,69,nicky jam,2,2023,5,18,57945987,93,Major,79,58,62,11,0,11,23
234,niï¿½ï¿½a bo,sean paul,2,2023,4,21,115010040,91,Major,82,47,62,10,0,10,15
235,search & rescue,drake,1,2023,4,7,175097833,142,Minor,82,54,44,6,0,33,7
236,america has a problem,kendrick lamar,2,2023,5,19,57089066,126,Major,78,20,70,1,0,16,4
237,lavender haze,taylor swift,1,2022,10,21,488386797,97,Major,73,10,44,26,0,16,8
238,link up,wizkid,5,2023,6,2,32761689,101,Major,92,59,51,41,51,26,8
239,efecto,bad bunny,1,2022,5,6,1047480053,98,Minor,80,23,48,14,0,6,5
240,erro gostoso - ao vivo,simone mendes,1,2023,1,27,153454328,154,Major,59,63,89,18,0,80,9
241,cupido,tini,1,2023,2,14,217672943,120,Major,91,63,58,52,0,31,22
242,just wanna rock,lil uzi vert,1,2022,10,17,457184829,150,Major,49,4,55,7,0,6,3
243,unstoppable,sia,1,2016,1,21,939844851,174,Major,47,27,78,11,0,10,8
244,until i found you,stephen sanchez,1,2021,9,1,726434358,202,Major,34,25,51,69,0,18,4
245,rich flex,drake,2,2022,11,4,573633020,153,Minor,56,42,52,5,0,36,24
246,easy on me,adele,1,2021,10,14,1406111294,142,Major,60,13,37,58,0,13,3
247,cartï¿½ï¿½o b,mc caverinha,2,2023,5,11,71573339,108,Minor,84,55,47,26,0,20,64
248,danger,offset,2,2023,6,2,24975653,143,Major,83,25,69,4,0,23,12
249,oi balde - ao vivo,zï¿½ï¿½ neto & crist,1,2023,2,14,145458418,108,Major,67,55,67,60,0,80,5
250,the real slim shady,eminem,1,2000,1,1,1424589568,104,Minor,95,78,66,3,0,4,6
251,mercho,migrantes,3,2022,12,16,231332117,93,Minor,84,96,79,43,0,18,11
252,the color violet,tory lanez,1,2021,12,10,415932686,105,Minor,65,46,53,16,0,9,5
253,glimpse of us,joji,1,2022,6,10,988515741,170,Major,44,27,32,89,0,14,5
254,mejor que yo,mambo kingz,3,2023,5,4,50847624,178,Minor,62,56,66,18,0,12,5
255,curtains,ed sheeran,1,2023,5,5,39893489,176,Minor,50,44,76,10,0,32,5
256,unforgiven,nile rodgers,2,2023,5,1,92035115,104,Minor,80,38,88,11,0,11,5
257,haegeum,agust d,1,2023,4,21,118810253,85,Major,70,83,84,31,0,47,30
258,conexï¿½ï¿½es de mï¿½ï¿½fia,rich the kid,2,2023,4,30,77233241,117,Minor,77,69,58,39,0,26,5
259,mientras me curo del cora,karol g,1,2023,2,24,206399629,80,Major,52,57,48,86,0,15,39
260,never felt so alone,labrinth,1,2023,4,7,117747907,98,Major,44,36,41,50,0,38,5
261,x si volvemos,karol g,2,2023,2,2,266624541,178,Minor,79,58,78,34,0,11,25
262,ceilings,lizzy mcalpine,1,2022,4,8,293186992,148,Major,51,27,33,48,0,22,3
263,cupid,fifty fifty,1,2023,2,24,139681964,120,Major,77,94,66,65,0,38,3
264,i am,ive,1,2023,4,10,123132751,122,Minor,68,38,88,1,0,8,5
265,cupid ï¿½ï¿½ï¿½ twin ver.,sped up 8282,1,1997,1,1,103762518,144,Major,74,75,73,42,0,9,4
266,shorty party,cartel de santa,2,2023,3,4,162887075,96,Major,93,47,47,33,0,10,36
267,super,seventeen,1,2023,4,24,91221625,137,Major,77,35,88,16,0,17,9
268,slut me out,nle choppa,1,2022,4,22,190490915,121,Minor,94,71,61,12,0,53,42
269,double fantasy,the weeknd,2,2023,4,21,96180277,119,Minor,60,10,57,1,0,50,3
270,all of the girls you loved before,taylor swift,1,2019,8,23,185240616,96,Major,72,40,47,71,0,13,4
271,provenza,karol g,1,2022,4,21,885093467,111,Major,87,53,52,66,1,11,5
272,princess diana,nicki minaj,2,2023,4,14,104992946,148,Major,90,74,68,14,0,10,19
273,di que si,grupo marca registrada,2,2023,2,3,147290338,182,Major,57,80,59,8,0,6,5
274,shivers,ed sheeran,1,2021,9,9,1302184087,141,Major,79,82,86,28,0,4,9
275,igualito a mi apï¿,fuerza regida,2,2022,12,30,158950978,145,Minor,76,80,81,19,0,6,9
276,shoong!,taeyang,2,2023,4,25,76910644,110,Minor,76,26,70,1,0,41,6
277,komang,raim laode,1,2022,8,16,137123880,134,Major,70,35,41,41,0,10,3
278,despechï¿,rosalï¿½,1,2022,7,28,782369383,130,Major,92,78,62,18,0,6,10
279,made you look,meghan trainor,1,2022,10,21,502574952,145,Major,84,88,53,35,0,8,7
280,watch this - arizonatears pluggnb remix,sped up nightcore,3,2023,2,5,207033255,130,Minor,69,36,90,1,10,15,4
281,no se va,grupo frontera,1,2022,4,28,404887295,173,Major,59,69,53,12,0,23,3
282,punto g,quevedo,1,2022,11,4,381161027,92,Minor,75,55,76,25,0,10,15
283,lovers rock,tv girl,1,2014,6,5,466231982,105,Minor,56,57,87,0,1,10,4
284,metamorphosis,interworld,1,2021,11,25,357580552,175,Minor,59,15,64,43,90,12,10
285,mami chula,quevedo,2,2023,4,27,61105704,120,Minor,80,33,70,22,0,9,4
286,en paris,el chachito,2,2022,12,24,198275403,139,Minor,70,77,48,37,0,12,5
287,set me free pt.2,jimin,1,2023,3,17,168448603,132,Minor,59,56,82,12,0,12,6
288,i was never there,the weeknd,2,2018,3,29,705469769,114,Major,32,17,74,14,0,17,3
289,don't ever say love me,rm,2,2023,5,4,34502215,145,Minor,54,19,48,36,0,37,5
290,shut down,blackpink,1,2022,9,16,482175240,110,Major,82,67,69,0,0,18,4
291,gato de noche,nengo flow,2,2022,12,22,304118600,94,Major,89,61,66,17,0,36,16
292,call out my name,the weeknd,1,2018,3,29,1449799467,134,Major,45,17,60,21,0,33,4
294,rosa pastel,jasiel nuï¿½ï¿½ez,2,2023,2,2,90025258,123,Minor,70,86,68,24,0,11,4
295,sunroof,nicky youre,2,2021,12,3,652704649,131,Major,77,84,71,35,0,15,4
296,lose yourself - soundtrack version,eminem,1,2002,1,1,1829992958,171,Major,70,6,73,1,0,36,26
297,superman,eminem,2,2002,5,26,655466831,130,Minor,80,64,76,2,0,20,6
298,mas rica que ayer,mambo kingz,3,2023,3,2,146409671,94,Major,82,53,67,34,0,9,8
299,people pt.2,iu,2,2023,4,7,95816024,89,Minor,73,44,57,39,0,32,6
300,remix exclusivo,feid,1,2023,3,17,117206995,87,Minor,65,71,56,4,0,15,20
301,"arcï¿½ï¿½ngel: bzrp music sessions, vol",arcangel,2,2023,3,22,100409613,124,Minor,72,79,78,55,0,15,30
302,dogtooth,tyler,2,2023,3,27,80758350,78,Major,71,80,65,51,0,22,32
303,10:35,tiï¿½ï¿½sto,2,2022,11,1,325592432,120,Major,70,70,79,7,0,18,10
304,sorry not sorry,tyler,2,2023,3,31,58473276,96,Minor,48,50,80,40,0,37,20
305,happy,nf,1,2023,3,25,52722996,106,Major,73,22,86,31,0,12,4
306,la bebe,yng lvcas,1,2021,12,24,191945597,170,Minor,78,75,46,62,0,12,35
307,i know - pr1svx edit,kanii,2,2023,3,24,77377503,134,Minor,67,11,76,8,47,30,7
308,late night talking,harry styles,1,2022,5,20,743693613,115,Major,71,90,73,30,0,11,5
309,leï¿½,marï¿½ï¿½lia mendo,1,2022,12,9,267789608,130,Major,74,79,87,45,0,30,3
310,save your tears,ariana grande,2,2020,3,20,1221813483,118,Major,65,63,79,3,0,10,3
311,something in the orange,zach bryan,1,2022,4,22,449701773,110,Major,59,22,38,42,0,12,3
312,void,melanie martinez,1,2023,3,29,67070410,100,Major,72,42,66,18,4,19,4
313,dijeron que no la iba lograr,fuerza regida,2,2023,3,14,116334601,142,Minor,70,76,79,26,0,11,7
314,midnight rain,taylor swift,1,2022,10,21,433356509,140,Major,64,18,37,72,0,12,7
315,if we ever broke up,mae stephens,1,2023,2,10,165584767,116,Major,90,96,73,62,0,9,4
316,you proof,morgan wallen,1,2022,5,13,367814306,120,Major,73,64,85,25,0,61,3
317,la inocente,feid,2,2022,4,1,477033549,92,Minor,76,46,79,31,0,7,6
318,malas decisiones,kenia os,1,2022,10,26,156214700,110,Minor,81,64,79,5,0,31,3
319,murder in my mind,kordhell,1,2022,1,21,448843705,120,Major,71,57,97,1,0,13,11
320,gangsta's paradise,coolio,2,1995,7,11,1357608774,80,Major,63,40,61,9,0,56,6
321,cairo,karol g,2,2022,11,13,294352144,115,Minor,95,43,69,47,0,9,31
322,i love you so,the walters,1,2014,11,28,972164968,76,Major,58,46,67,65,0,13,4
323,dark red,steve lacy,1,2017,2,20,920045682,172,Major,60,77,78,45,0,12,6
324,say you won't let go,james arthur,1,2016,9,9,2420461338,99,Major,40,45,56,69,0,9,5
325,the hills,the weeknd,1,2015,5,27,1947371785,136,Minor,36,12,57,9,0,14,8
326,heart to heart,mac demarco,1,2019,5,10,244658767,150,Minor,90,64,14,67,35,11,10
327,peaches,jack black,1,2023,4,7,68216992,92,Minor,71,41,31,79,0,10,5
328,marisola - remix,duki,5,2022,12,15,223582566,95,Major,77,72,87,17,0,7,5
329,lokera,brray,3,2022,7,25,471819764,102,Minor,83,58,83,21,0,10,5
330,low,sza,1,2022,12,9,272377463,145,Minor,70,34,55,43,0,16,6
331,numb,linkin park,1,2003,3,24,1361425037,110,Major,50,24,86,0,0,64,4
332,tormenta,gorillaz,2,2023,2,24,149778242,95,Major,64,30,77,46,0,38,6
333,on the street,j-hope,2,2023,3,3,116599790,94,Minor,68,81,82,53,0,9,13
334,one thing at a time,morgan wallen,1,2022,12,2,148469433,142,Major,61,92,91,0,0,26,3
335,miss you,robin schulz,2,2022,8,5,497225336,145,Minor,59,20,74,1,0,15,5
336,ainï¿½ï¿½ï¿½t tha,morgan wallen,1,2023,3,3,88791109,121,Minor,64,67,80,0,0,36,3
337,thinkinï¿½ï¿½ï¿½ b,morgan wallen,1,2023,3,3,125917280,140,Minor,66,43,76,49,0,12,3
338,private landing,don toliver,3,2023,2,23,105062254,137,Minor,84,44,67,8,0,11,6
339,everything i love,morgan wallen,1,2023,1,31,95623148,104,Major,56,72,85,0,0,15,3
340,heaven,niall horan,1,2023,2,17,144584800,92,Major,57,68,76,7,0,33,3
341,let go,central cee,1,2022,12,15,298063749,146,Minor,74,51,45,86,0,21,38
342,sial,mahalini,1,2023,1,23,166570053,120,Major,56,20,43,89,0,12,4
343,i wrote the book,morgan wallen,1,2023,1,31,83021468,144,Major,68,83,81,9,0,8,4
344,apna bana le,arijit singh,2,2022,11,5,139836056,94,Major,59,44,56,80,0,6,3
345,spit in my face!,thxsomch,1,2022,10,31,303216294,94,Major,73,65,79,5,2,11,6
346,playa del inglï¿½,myke towers,2,2022,12,15,221409663,113,Minor,79,66,74,8,0,11,5
347,man made a bar,morgan wallen,2,2023,3,3,58890931,148,Major,50,49,76,12,0,12,3
348,red ruby da sleeze,nicki minaj,1,2023,3,3,81419389,98,Major,70,29,73,12,0,11,26
349,kahani suno 2.0,kaifi khalil,1,2022,5,31,156777415,140,Major,58,26,38,91,0,10,4
350,nobody gets me,sza,1,2022,12,9,284908316,100,Major,36,28,28,81,0,18,3
351,pero tï¿,karol g,2,2023,2,23,93438910,140,Major,86,68,79,39,0,11,29
352,hype boy,newjeans,1,2022,8,1,363472647,100,Minor,59,78,94,27,0,29,23
353,bloody mary,lady gaga,1,2011,1,1,372476382,100,Minor,59,49,65,2,0,13,3
354,monotonï¿½,ozuna,2,2022,10,19,380726517,132,Minor,87,82,70,42,0,21,5
355,ýýý98 braves,morgan wallen,1,2023,3,3,56533272,142,Major,49,48,67,10,0,26,3
356,wanda,quevedo,1,2023,1,20,175399345,176,Minor,72,96,63,25,0,21,7
357,thought you should know,morgan wallen,1,2022,5,6,203221468,140,Major,53,51,70,49,0,14,3
358,in the end,linkin park,1,2000,10,24,1624165576,105,Minor,55,40,90,1,0,32,6
359,zona de perigo,leo santana,1,2022,12,8,134294498,135,Major,81,97,77,75,0,35,3
360,lovezinho,treyce,1,2022,7,28,70069745,128,Minor,82,61,59,30,0,12,4
361,i like you,post malone,2,2022,6,3,609293408,101,Major,74,43,69,12,0,12,7
362,neverita,bad bunny,1,2022,5,6,671365962,122,Major,88,43,50,7,0,14,5
363,vista al mar,quevedo,1,2022,9,8,362361576,105,Minor,76,49,56,80,12,10,13
364,sem alianï¿½ï¿½a no,mc xenon,2,2022,12,23,93587665,83,Major,53,40,36,73,0,11,33
365,enemy,imagine dragons,4,2021,9,3,1223481149,77,Minor,72,59,76,24,0,42,28
366,revenge,xxxtentacion,1,2017,8,25,1022258230,140,Minor,75,18,25,78,0,11,26
367,bombonzinho - ao vivo,israel & rodolffo,2,2022,11,3,263453310,158,Major,65,72,95,31,0,92,5
368,la canciï¿½,j balvin,2,2019,6,28,1435127549,176,Major,75,43,65,15,0,11,32
369,quï¿½ï¿½ ago,yuridia,2,2022,10,20,236857112,98,Major,73,88,57,56,0,5,2
370,love again,the kid laroi,1,2023,1,27,147538971,107,Minor,66,47,40,72,0,11,3
371,after hours,the weeknd,1,2020,2,19,698086140,109,Minor,66,16,57,10,1,12,3
372,about damn time,lizzo,1,2022,7,15,723894473,109,Minor,84,72,74,10,0,34,7
373,born with a beer in my hand,morgan wallen,1,2023,3,3,34450974,148,Major,53,61,81,5,0,36,4
374,ýýýýýýýýýýýýýýýýýýýýý,fujii kaze,1,2020,5,20,403097450,158,Minor,60,52,76,17,0,19,5
375,besos moja2,wisin & yandel,2,2022,9,29,309483971,94,Minor,74,64,73,6,0,10,6
376,maan meri jaan,king,1,2022,10,12,319566866,96,Minor,70,40,51,35,0,10,4
377,moscow mule,bad bunny,1,2022,5,6,909001996,100,Minor,80,29,67,29,0,12,3
378,my universe,coldplay,2,2021,9,24,1061966512,105,Major,58,42,68,1,0,14,4
379,devil donï¿½ï¿½ï¿½,morgan wallen,1,2023,3,3,32526947,125,Major,53,32,66,38,0,9,3
380,llylm,rosalï¿½,1,2023,1,27,124988687,170,Minor,56,56,63,13,0,19,27
381,i'm not here to make friends,sam smith,3,2023,1,27,103787664,115,Major,70,84,90,17,0,41,6
382,trustfall,p!nk,1,2023,1,27,134255790,122,Major,64,25,89,0,0,15,9
383,antifragile,le sserafim,1,2022,10,17,301051721,105,Minor,88,82,80,8,0,11,8
384,boy's a liar,pinkpantheress,1,2022,11,30,156338624,133,Major,66,74,84,25,0,21,4
385,vibe,taeyang,2,2023,1,13,152850295,100,Major,79,60,68,7,0,26,4
386,shirt,sza,1,2022,10,28,309653982,120,Minor,82,55,45,15,3,9,10
387,lift me up - from black panther: wakanda forever - music from and inspired by,rihanna,1,2022,10,28,297328960,177,Major,25,17,30,90,0,13,3
388,star walkin',lil nas x,1,2022,9,22,332506354,142,Minor,64,31,72,15,0,9,5
389,"sex, drugs, etc.",beach weather,1,2016,11,4,480507035,144,Minor,57,47,84,1,1,52,4
390,boy with luv,halsey,2,2019,4,12,1065580332,120,Minor,65,80,86,9,0,19,10
391,"hey, mickey!",baby tate,1,2016,9,27,122763672,135,Major,92,73,51,55,0,15,6
392,calm down,rï¿½ï,1,2022,2,9,445763624,107,Major,81,82,78,38,0,12,4
393,jhoome jo pathaan,arijit singh,6,2022,12,22,1365184,105,Major,82,62,74,10,0,33,7
394,escapism. - sped up,raye,2,2022,11,25,184308753,108,Minor,44,38,77,9,0,9,20
395,space song,beach house,1,2015,1,1,789753877,147,Minor,51,62,79,22,13,14,3
396,dreamers [music from the fifa world cup qatar 2022 official soundtrack],bts,3,2022,11,20,323358833,115,Major,71,34,88,16,0,44,4
397,te felicito,shakira,2,2022,4,21,606361689,174,Major,70,57,64,23,0,8,32
398,muï¿½ï¿½,steve aoki,3,2023,1,12,120972253,90,Minor,68,83,71,3,0,31,8
399,tv,billie eilish,1,2022,7,21,338564981,141,Minor,41,9,25,84,1,14,4
400,i'm not the only one,sam smith,1,2014,1,1,1606986953,82,Major,68,50,49,56,0,8,4
401,heather,conan gray,1,2020,3,20,1301799902,92,Major,47,25,43,62,0,32,3
402,besharam rang,vishal-shekhar,6,2022,12,12,140187018,116,Minor,77,65,80,6,0,15,4
403,one kiss,calvin harris,2,2017,6,2,1897517891,124,Minor,79,59,86,4,0,8,11
404,sugar rush ride,tomorrow x together,1,2023,1,27,107642809,125,Minor,71,83,89,1,0,17,9
405,pink venom,blackpink,1,2022,8,19,551305895,90,Major,80,71,69,2,0,27,10
406,wait for u,drake,3,2022,4,27,556585270,83,Major,46,34,64,31,0,7,34
407,don't start now,dua lipa,1,2019,10,31,2303033973,124,Minor,79,68,79,1,0,10,8
408,after dark,mr.kitty,1,2014,8,8,646886885,140,Major,58,4,60,7,41,8,3
409,eu gosto assim - ao vivo,gustavo mioto,2,2022,9,16,222612678,154,Major,64,61,91,15,0,72,4
410,industry baby,jack harlow,2,2021,7,23,1814349763,150,Minor,74,89,70,2,0,5,6
411,middle of the night,elley duhï¿,1,2020,1,10,872137015,186,Minor,41,9,61,2,0,12,5
412,atlantis,seafret,1,2015,4,22,571386359,166,Minor,40,23,48,5,0,12,3
413,punto 40,baby rasta,2,2022,9,22,304079786,107,Major,87,20,83,0,4,31,9
414,evoque prata,dj escobar,3,2022,9,9,174006928,87,Major,87,52,52,31,0,28,24
415,how do i say goodbye,dean lewis,1,2022,8,5,284785823,82,Major,40,39,64,21,0,7,7
416,blind,sza,1,2022,12,9,163284000,114,Minor,46,60,28,91,0,21,4
417,die for you,joji,1,2022,11,4,246390068,148,Major,47,15,52,38,13,29,5
418,doja,central cee,1,2022,7,20,482257456,140,Major,91,97,57,38,0,40,29
419,gatita,bellakath,1,2022,10,3,168684524,101,Major,90,76,81,15,24,33,6
420,rumble,skrillex,3,2022,1,17,78489819,140,Minor,81,6,84,5,23,6,6
421,niagara falls,travis scott,3,2022,12,2,195516622,88,Minor,49,24,66,19,0,18,29
422,yonaguni,bad bunny,1,2021,6,4,1260594497,180,Major,64,44,65,28,0,14,12
423,super freaky girl,nicki minaj,1,2022,8,12,428685680,133,Major,95,91,89,6,0,31,24
424,running up that hill,kate bush,1,1985,9,16,1024858327,108,Minor,63,20,55,72,0,6,6
425,dream on,aerosmith,1,1973,1,5,838586769,80,Minor,39,24,43,39,0,23,3
426,limbo,freddie dredd,1,2022,8,11,199386237,75,Minor,80,46,62,3,6,11,46
427,where are you now,lost frequencies,2,2021,7,30,972509632,121,Minor,67,26,64,52,0,17,10
428,worth nothing,twisted,2,2022,9,28,213438580,140,Minor,58,17,62,18,0,20,8
429,bad habits,ed sheeran,1,2020,9,3,1555511105,126,Minor,81,59,90,5,0,36,3
430,kick back,kenshi yonezu,1,2022,10,12,210038833,102,Major,58,29,94,0,0,9,11
431,evergreen,omar apollo,1,2022,4,8,227918678,82,Major,70,31,34,60,1,11,4
432,good days,sza,1,2020,12,24,826623384,121,Minor,46,53,78,23,0,72,6
433,levitating,dua lipa,2,2020,3,27,1802514301,103,Minor,70,92,83,1,0,7,6
434,woman,doja cat,1,2021,6,25,1329090101,108,Minor,82,88,76,9,0,12,9
435,shut up my moms calling -,hotel ugly,1,2022,9,14,181831132,85,Minor,65,36,47,31,0,12,10
436,ferrari,james hype,2,2022,3,14,462791599,125,Minor,84,70,69,1,0,5,5
437,"you're on your own, kid",taylor swift,1,2022,10,21,348647203,120,Major,69,40,39,41,0,13,6
438,kesariya,pritam,3,2022,7,17,366599607,94,Major,58,44,57,57,0,10,3
439,agudo mï¿½ï¿½gi,styrx,3,1930,1,1,90598517,130,Minor,65,49,80,22,4,7,5
440,payphone,maroon 5,2,2012,1,1,1479264469,110,Major,74,51,74,2,0,29,4
441,all i want for christmas is you,mariah carey,1,1994,10,28,1449779435,150,Major,34,33,63,16,0,7,4
442,last christmas,wham!,1,1984,1,1,1159176109,107,Minor,74,88,65,28,0,46,3
443,rockin' around the christmas tree,brenda lee,1,1958,1,1,769213520,140,Major,70,85,41,71,0,45,5
444,jingle bell rock,bobby helms,1,1957,1,1,741301563,119,Major,74,78,37,84,0,6,3
445,it's beginning to look a lot like christmas,michael bublï¿,1,2011,10,14,807561936,93,Major,35,38,23,91,0,29,3
446,santa tell me,ariana grande,1,2013,12,13,834129063,133,Major,46,53,63,5,0,30,18
447,it's the most wonderful time of the year,andy williams,1,1963,10,14,663832097,202,Major,24,76,60,77,0,12,4
448,let it snow! let it snow! let it snow!,dean martin,1,1959,11,16,446390129,134,Major,45,72,24,91,0,18,4
449,snowman,sia,1,2017,1,1,690104769,105,Major,72,33,51,48,0,9,3
450,underneath the tree,kelly clarkson,1,2013,10,25,485285717,160,Major,51,69,81,0,0,21,5
451,feliz navidad,josï¿½ï¿½ felic,1,1970,11,1,520034544,148,Major,50,96,82,47,0,34,4
452,holly jolly christmas,michael bublï¿,1,2011,10,14,476244795,151,Major,65,70,47,87,0,9,4
453,mistletoe,justin bieber,1,2011,1,1,629173063,162,Minor,67,88,54,51,0,9,4
454,sleigh ride,the ronettes,1,1963,11,22,404664135,92,Major,53,84,77,40,0,32,3
455,seek & destroy,sza,1,2022,12,9,98709329,152,Major,65,35,65,44,18,21,7
456,love language,sza,1,2022,12,9,110849052,65,Minor,71,55,26,85,0,13,8
457,happy xmas,john lennon,4,1971,12,1,460492795,147,Major,33,39,61,32,0,77,3
458,used,sza,2,2022,12,8,94005786,150,Minor,73,71,69,53,0,32,9
459,a holly jolly christmas - single version,burl ives,1,1952,1,1,395591396,140,Major,67,81,36,64,0,15,3
460,the christmas song,nat king cole,1,1946,11,1,389771964,139,Major,36,22,15,84,0,11,4
461,wonderful christmastime - edited version / remastered 2011,paul mccartney,1,1979,11,16,403939487,95,Major,75,74,58,36,0,9,3
462,do they know it's christmas? - 1984 version,band aid,1,1984,11,25,481697415,115,Major,60,23,57,0,2,27,3
463,ghost in the machine,sza,2,2022,12,9,110073250,125,Major,62,59,43,84,3,11,5
464,special,sza,1,2022,12,9,88092256,76,Major,60,19,20,78,0,11,5
465,merry christmas everyone,shakin' stevens,1,1984,1,1,351636786,101,Minor,72,91,87,14,0,13,3
466,let it snow! let it snow! let it snow!,frank sinatra,2,1950,1,1,473248298,143,Major,60,86,32,88,0,34,6
467,sos,sza,1,2022,12,9,73981293,119,Minor,51,51,66,67,0,9,23
468,open arms,sza,2,2022,12,8,155653938,78,Major,67,22,59,76,1,15,16
469,white christmas,bing crosby,3,1942,1,1,395591396,96,Major,23,19,25,91,0,40,3
470,driving home for christmas - 2019 remaster,chris rea,1,1986,1,1,429504768,180,Major,51,87,58,36,0,18,4
471,christmas,darlene love,1,1963,11,22,242767149,126,Major,34,35,76,39,0,8,5
472,gone girl,sza,1,2022,12,9,65362788,150,Major,43,42,44,57,0,15,6
473,f2f,sza,1,2022,12,9,67540165,90,Major,53,47,74,9,0,34,4
474,notice me,sza,1,2022,12,9,62019074,160,Major,72,78,68,28,0,11,12
475,merry christmas,ed sheeran,2,2017,11,10,135723538,114,Major,59,60,94,24,0,10,4
476,it's beginning to look a lot like christmas,perry como,3,1958,1,1,295998468,113,Major,73,72,32,77,0,15,5
477,my only wish,britney spears,1,2000,11,7,261116938,147,Major,67,69,72,17,0,19,3
478,antidepresan,mabel matiz,2,2022,11,4,136689549,100,Minor,70,92,59,3,0,10,3
479,wild flower,rm,1,2022,12,2,135611421,155,Major,49,42,77,3,0,12,9
480,i hate u,sza,1,2021,12,3,356709897,107,Minor,54,41,39,51,0,11,16
481,raindrops,travis scott,2,2022,12,2,110649992,112,Major,80,15,54,9,0,38,5
483,deck the hall - remastered 1999,nat king cole,1,1959,1,1,127027715,107,Minor,69,96,36,81,0,8,4
484,smoking on my ex pack,sza,1,2022,12,9,57144458,81,Major,47,33,68,24,0,22,38
485,conceited,sza,1,2022,12,9,56870689,150,Major,79,77,46,5,0,11,7
486,snow on the beach,taylor swift,2,2022,10,21,323437194,110,Major,66,19,32,69,0,12,4
487,maroon,taylor swift,1,2022,10,21,317726339,108,Major,64,4,40,6,0,10,6
488,tubarï¿½ï¿½o te,dj lk da escï¿½ï¿½cia,4,2022,9,28,116144341,130,Minor,89,48,74,30,0,7,36
489,bejeweled,taylor swift,1,2022,10,21,328207708,164,Major,70,39,56,6,0,9,7
490,tarot,bad bunny,2,2022,5,6,608228647,114,Minor,80,42,68,2,0,66,4
491,you make it feel like christmas,gwen stefani,2,2005,9,20,180577478,93,Major,63,93,88,1,0,12,4
492,desesperados,chencho corleone,2,2021,6,25,809306935,90,Minor,87,51,69,36,0,9,8
493,too late,sza,1,2022,12,8,49262961,128,Major,45,35,68,78,0,39,8
494,party,bad bunny,2,2022,5,6,614555082,97,Major,83,47,80,2,0,24,9
495,run rudolph run - single version,chuck berry,1,1958,1,1,245350949,152,Minor,69,94,71,79,0,7,8
496,jingle bells - remastered 1999,frank sinatra,1,1957,1,1,178660459,175,Major,51,94,34,73,0,10,5
497,far,sza,1,2022,12,9,51641685,116,Major,61,48,55,67,0,16,8
498,on time,john legend,2,2022,12,2,78139948,80,Minor,33,51,59,76,0,44,6
499,gatï¿½ï¿½,maldy,2,2022,8,25,322336177,93,Minor,63,34,86,26,0,21,39
500,ýýýabcdefu,gayle,1,2021,8,13,1007612429,122,Major,70,42,54,30,0,37,5
501,sacrifice,the weeknd,1,2022,1,7,326792833,122,Major,70,91,79,3,0,7,10
502,is there someone else?,the weeknd,1,2022,1,7,391251368,135,Minor,70,60,58,4,0,16,3
503,fingers crossed,lauren spencer smith,3,2022,1,5,349585590,109,Major,60,45,47,62,0,31,5
504,out of time,the weeknd,1,2022,1,7,339659802,93,Minor,65,82,74,27,0,32,5
505,do it to it,cherish,2,2021,8,20,674772936,125,Minor,85,64,81,2,5,7,9
506,we don't talk about bruno,adassa,7,2021,11,19,432719968,206,Minor,58,83,45,36,0,11,8
507,pepas,farruko,1,2021,6,24,1309887447,130,Major,76,44,77,1,0,13,3
508,how do i make you love me?,the weeknd,1,2022,1,7,119238316,121,Minor,80,62,51,2,0,9,8
509,gasoline,the weeknd,1,2022,1,7,116903579,123,Minor,74,35,73,0,0,21,5
510,infinity,jaymes young,1,2017,6,23,888046992,122,Minor,67,50,67,15,0,30,4
511,less than zero,the weeknd,1,2022,1,7,200660871,143,Major,53,50,79,0,0,8,3
512,take my breath,the weeknd,1,2021,8,6,130655803,121,Minor,70,35,77,1,0,26,4
513,good 4 u,olivia rodrigo,1,2021,5,14,1887039593,166,Minor,56,68,66,28,0,11,18
514,here we goï¿½ï¿½ï¿½ again,the weeknd,3,2022,1,7,88103848,135,Major,41,27,64,36,0,60,3
515,best friends,the weeknd,1,2022,1,7,101114984,87,Minor,49,49,59,44,0,35,21
516,kiss me more,sza,2,2021,4,9,1575467011,111,Major,77,74,66,30,0,13,3
517,i heard you're married,the weeknd,2,2022,1,7,91656026,110,Major,75,85,84,10,0,31,19
518,need to know,doja cat,1,2021,6,11,1042568408,130,Major,66,19,61,30,0,9,7
519,montero,lil nas x,1,2020,9,18,1735441776,179,Minor,61,76,51,30,0,38,15
520,love nwantiti,ckay,1,2019,7,26,726837877,93,Minor,74,53,73,61,0,13,4
521,dawn fm,the weeknd,1,2022,1,7,53933526,78,Minor,27,10,49,62,0,49,5
522,surface pressure,jessica darrow,1,2021,11,19,267758538,180,Major,65,37,58,2,0,4,31
523,starry eyes,the weeknd,1,2022,1,7,74601456,86,Minor,28,13,41,50,0,19,3
524,thats what i want,lil nas x,1,2021,9,17,920797189,88,Minor,74,55,85,1,0,5,22
525,one right now,the weeknd,2,2021,11,5,539595276,97,Major,68,72,78,4,0,7,5
526,beggin,mï¿½ï¿½ne,1,2017,12,8,1367810478,134,Minor,71,59,80,13,0,36,5
527,mon amour - remix,aitana,2,2020,9,21,578207856,116,Major,75,36,76,12,0,10,10
528,lo siento bb:/,julieta venegas,3,2021,10,5,775542072,170,Minor,64,14,70,9,0,9,8
529,money,lisa,1,2021,9,10,863625566,140,Minor,83,40,55,16,0,14,23
530,the motto,tiï¿½ï¿½sto,2,2021,11,4,656013912,118,Minor,75,46,76,3,0,9,4
531,happier than ever,billie eilish,1,2021,7,30,1056760045,65,Major,31,31,24,76,0,14,4
532,moth to a flame,the weeknd,2,2021,10,22,611994237,120,Minor,56,16,67,0,0,11,4
533,traitor,juan cruz toledo,2,2021,5,21,1230855859,176,Major,29,12,33,68,0,12,5
534,toxic,boywithuke,1,2021,9,10,582981380,180,Minor,59,69,61,84,0,46,36
535,drivers license,olivia rodrigo,1,2021,1,8,1858144199,144,Major,59,21,43,76,0,10,7
536,malvadï¿½ï¿,xamï¿½ï¿½,3,2021,11,30,240684449,133,Minor,82,52,61,38,0,14,27
537,all too well,taylor swift,1,2021,11,12,583687007,93,Major,63,21,52,28,0,9,3
538,donï¿½ï¿½ï¿½t break my,the weeknd,1,2022,1,7,63803529,122,Major,77,25,62,34,0,23,3
539,oh my god,adele,1,2021,11,19,466214729,88,Major,53,55,73,9,0,3,5
540,entre nosotros,lit killah,4,2022,1,5,236940480,170,Minor,70,61,44,40,0,37,4
541,a tale by quincy,the weeknd,1,2022,1,7,41924466,94,Minor,46,55,50,71,0,10,11
542,i am woman,emmy meli,1,2021,11,18,225259194,170,Major,65,46,47,12,0,13,16
543,medallo,justin quiles,3,2021,10,27,393230256,90,Minor,79,79,70,57,0,66,8
544,it'll be okay,shawn mendes,1,2021,12,1,287201015,78,Major,40,7,29,62,0,9,3
545,softcore,the neighbourhood,1,2018,3,9,599770206,94,Major,57,36,58,5,0,15,3
546,super gremlin,kodak black,1,2021,10,30,342779426,73,Major,83,11,41,0,0,36,14
547,volvï¿,aventura,2,2021,8,3,673801126,176,Major,73,79,86,42,0,7,18
548,todo de ti,rauw alejandro,1,2020,11,2,1168642797,128,Minor,81,57,63,40,1,10,4
549,love nwantiti - remix,ckay,3,2019,8,30,540539717,120,Major,58,44,60,44,9,5,6
550,smokin out the window,bruno mars,3,2021,11,5,383550148,82,Major,63,85,62,6,0,35,4
551,meet me at our spot,the anxiety,3,2020,3,13,530511203,95,Major,77,40,47,2,0,9,3
552,every angel is terrifying,the weeknd,1,2022,1,7,37307967,118,Major,44,52,94,11,0,4,29
553,tacones rojos,sebastian yatra,1,2021,10,22,510876816,123,Minor,75,93,86,8,0,14,3
554,peaches,justin bieber,3,2021,3,19,1445941661,90,Major,63,49,68,38,0,42,18
555,dakiti,bad bunny,2,2020,10,30,1763363713,110,Minor,73,14,57,40,0,11,5
556,"tiago pzk: bzrp music sessions, vol. 48",bizarrap,2,2021,12,29,374191487,96,Minor,66,76,82,47,0,10,32
557,lï¿½ï¿½ï¿,stromae,1,2022,1,9,108809090,88,Minor,56,58,55,35,0,23,11
558,nostï¿½ï¿½l,chris brown,3,2021,9,8,436695353,98,Minor,73,60,85,17,0,24,5
559,better days,neiked,3,2021,9,24,421040617,110,Minor,72,67,68,0,0,14,4
560,life goes on,oliver tree,1,2020,7,17,501541661,80,Major,70,57,49,19,0,12,8
561,sad girlz luv money remix,kali uchis,3,2021,9,16,354065229,110,Minor,86,31,53,43,0,11,6
562,butter,bts,1,2021,5,21,1143647827,110,Major,79,70,36,0,0,6,11
563,pushin p,young thug,3,2022,1,7,311395144,78,Minor,77,49,42,1,1,13,19
564,you right,doja cat,2,2021,6,24,672656250,129,Major,83,44,62,2,0,8,6
565,deja vu,olivia rodrigo,1,2021,4,1,1256880657,181,Major,44,22,60,61,0,42,9
566,dynamite,bts,1,2020,8,21,1692897992,114,Minor,75,74,77,1,0,9,10
567,to the moon,jnr choi,1,2021,11,5,245095641,144,Major,74,39,65,5,1,11,35
568,lost in the fire,the weeknd,2,2019,1,11,686734357,101,Major,66,18,68,9,0,12,4
569,salimo de noche,trueno,2,2021,10,21,261414174,84,Major,67,78,63,29,0,12,5
570,volando - remix,sech,3,2021,7,8,610045621,154,Major,66,63,69,21,0,11,7
571,leave the door open,bruno mars,3,2021,3,5,1115880852,148,Major,59,72,62,18,0,9,3
572,knife talk,drake,3,2021,9,3,594482982,146,Minor,85,22,37,13,0,7,30
573,don't be shy,tiï¿½ï¿½sto,2,2021,8,1,566954746,120,Minor,77,51,79,20,0,26,6
574,love grows,edison lighthouse,1,1970,1,1,BPM110KeyAModeMajorDanceability53Valence75Energy69Acousticness7Instrumentalness0Liveness17Speechiness3,110,Major,53,75,69,7,0,17,3
575,la fama,the weeknd,2,2021,11,11,374706940,136,Minor,77,82,30,95,0,13,5
576,the family madrigal,olga merediz,3,2021,11,19,184937148,141,Major,59,56,63,12,0,6,36
577,phantom regret by jim,the weeknd,1,2022,1,7,31959571,108,Minor,46,23,48,75,30,14,4
578,dos oruguitas,sebastian yatra,1,2021,11,19,167076418,94,Major,42,47,36,76,0,9,5
579,freaks,surf curse,1,2015,5,10,824420218,180,Major,35,41,94,0,63,5,5
580,acapulco,jason derulo,1,2021,9,1,363467642,122,Major,77,51,79,5,0,16,5
581,daddy issues,the neighbourhood,1,2015,10,30,1127468248,85,Major,59,33,52,7,15,12,3
582,thought i was playing,21 savage,2,2022,1,7,60680939,148,Major,68,29,73,0,0,7,7
583,eleven,ive,1,2021,12,1,247737946,120,Major,83,59,73,6,0,5,11
584,mood,24kgoldn,2,2020,7,24,1699402402,91,Minor,70,76,72,22,0,27,4
585,what else can i do?,stephanie beatriz,2,2021,11,19,154797871,120,Major,72,54,71,26,0,10,4
586,dance crip,trueno,1,2021,11,17,198883004,106,Major,86,86,79,11,0,8,9
587,miserable man,david kushner,1,2022,1,7,124407432,110,Major,63,31,35,93,0,29,3
588,happier,olivia rodrigo,1,2021,5,21,850608354,169,Major,39,36,45,81,0,8,13
589,praise god,kanye west,1,2021,8,29,376333030,118,Major,80,21,55,1,0,26,17
590,get into it,doja cat,1,2021,6,25,516784627,92,Minor,91,79,66,32,0,9,16
591,before you go,lewis capaldi,1,2019,11,1,1608045237,112,Major,45,19,60,63,0,9,6
592,sky,playboi carti,1,2020,12,25,506778838,140,Major,79,56,91,26,0,13,21
593,rolling in the deep,adele,1,2010,11,29,1472799873,105,Major,73,52,76,13,0,5,3
594,sobrio,maluma,1,2021,7,8,513643924,178,Major,76,63,77,14,0,15,22
595,peru,ed sheeran,2,2021,12,23,261286503,108,Minor,96,71,42,57,0,8,9
596,favorite crime,olivia rodrigo,1,2021,5,21,783706581,173,Major,40,19,29,86,0,34,4
597,thunder,prezioso,3,2021,5,7,422691058,101,Major,67,40,90,3,0,34,6
598,the business,tiï¿½ï¿,1,2020,1,1,1062345656,120,Minor,80,24,62,41,2,11,23
599,positions,ariana grande,1,2020,10,23,1252563873,144,Major,73,66,80,44,0,9,12
600,i wanna be your slave,mï¿½ï¿½ne,1,2021,3,19,851070493,133,Major,75,96,61,0,0,18,4
601,vai lï¿½ï¿½ em casa,marï¿½ï¿½lia mendonï¿½ï¿½a,2,2021,10,22,263894529,158,Minor,46,62,83,53,0,97,28
602,the feels,twice,1,2021,10,1,345903614,120,Major,81,92,90,9,0,8,7
603,heartbreak anniversary,giveon,1,2020,2,21,951637566,129,Major,61,59,46,56,0,13,5
604,no lie,sean paul,2,2016,11,18,956865266,102,Major,74,45,89,5,0,26,13
605,out out,charli xcx,4,2021,8,13,427486004,124,Minor,79,79,84,2,0,5,5
606,pope is a rockstar,sales,1,2016,4,20,156658366,90,Minor,73,31,45,85,24,11,3
607,2055,sleepy hallow,1,2021,4,14,624515457,161,Minor,78,65,52,46,0,12,31
608,bored,billie eilish,1,2017,3,30,777765388,120,Major,60,11,33,90,0,8,5
609,happier than ever - edit,billie eilish,1,2021,7,28,412795151,81,Major,45,12,57,7,0,23,3
610,astronaut in the ocean,masked wolf,1,2019,1,1,1138474110,150,Minor,78,47,70,18,0,15,9
611,ley seca,anuel aa,2,2021,9,2,355219175,105,Major,76,58,84,10,0,13,10
612,every summertime,niki,1,2021,8,10,290228626,79,Major,63,76,67,38,0,6,4
613,talking to the moon,bruno mars,1,2010,10,4,1062956628,146,Minor,52,7,61,51,0,11,3
614,you broke me first,tate mcrae,1,2020,4,17,1180094974,124,Major,64,8,37,79,0,9,5
615,the nights,avicii,1,2014,1,1,1456081449,126,Major,53,66,85,2,0,24,4
617,way 2 sexy,drake,3,2021,9,3,489945871,136,Minor,80,33,60,0,0,32,14
618,cï¿½ï¿½,rauw alejandro,1,2021,6,25,465959382,102,Minor,77,26,63,58,0,11,5
619,enemy - from the series arcane league of legends,imagine dragons,3,2021,10,27,1223481149,77,Major,73,54,74,23,0,41,23
620,dance monkey,tones and i,1,2019,5,10,2864791672,98,Minor,82,54,59,69,0,18,10
621,lucid dreams,juice wrld,1,2017,6,15,2288695111,84,Minor,44,22,48,38,0,33,24
622,quï¿½ï¿½ mï¿½ï¿,j balvin,2,2021,1,28,720825549,102,Major,89,77,82,3,0,17,11
623,all of me,john legend,1,2013,8,1,2086124197,120,Major,42,33,26,92,0,13,3
624,smells like teen spirit - remastered 2021,nirvana,1,1991,9,10,1690192927,117,Major,52,73,91,0,0,11,7
625,arcade,duncan laurence,1,2019,3,7,991336132,72,Minor,45,27,33,82,0,14,4
626,fair trade,drake,2,2021,9,3,593917618,168,Major,67,29,47,5,0,22,26
627,bar,tini,2,2021,11,11,200972675,94,Major,52,68,69,13,0,33,8
628,the rumbling,sim,1,2022,1,10,71014967,145,Major,41,65,88,0,0,26,5
629,family ties,kendrick lamar,2,2021,8,27,560222750,134,Major,71,14,61,1,0,23,33
630,mr. brightside,the killers,1,2003,9,23,1806617704,148,Major,35,24,93,0,0,10,8
631,blessed-cursed,enhypen,1,2022,1,10,77337771,127,Minor,60,40,89,9,0,60,6
632,am remix,j balvin,3,2021,6,24,528544703,172,Minor,74,79,66,11,0,8,16
633,streets,doja cat,1,2019,11,7,865640097,90,Major,75,19,46,21,4,34,8
634,shallow,lady gaga,2,2018,9,27,2159346687,96,Major,57,30,40,38,0,26,3
635,polaroid love,enhypen,1,2022,1,10,211372494,138,Minor,74,65,67,46,0,36,4
636,leave before you love me,marshmello,2,2021,4,28,651732901,120,Major,72,67,72,0,0,13,4
637,permission to dance,bts,1,2021,7,9,608334048,125,Major,70,65,74,1,0,34,4
638,friday,riton,4,2021,1,15,863756573,123,Major,82,80,86,1,0,30,13
639,rapstar,polo g,1,2021,4,9,797402345,81,Major,79,44,54,41,0,13,24
640,'till i collapse,eminem,2,2002,5,26,1695712020,171,Major,55,10,85,7,0,8,20
641,memories,maroon 5,1,2019,9,20,1759567999,91,Major,77,60,32,84,0,8,5
642,se le ve,arcangel,8,2021,8,12,223319934,84,Minor,56,61,76,10,0,14,11
643,25k jacket,gunna,2,2022,1,7,54937991,115,Minor,90,74,54,16,0,13,28
644,when iï¿½ï¿½ï¿½m gone,katy perry,2,2021,12,29,226897599,125,Major,69,70,89,4,0,49,3
645,esqueï¿½ï¿½a-me se for c,marï¿½ï¿½lia mendonï¿½ï¿½a,2,2021,10,14,258316038,122,Minor,80,62,69,28,0,13,7
646,miï¿½ï¿½n,tini,2,2021,4,29,596152090,92,Major,85,92,54,16,0,29,7
647,sï¿½ï¿½,anuel aa,3,2021,11,18,177129919,90,Minor,63,75,75,17,0,11,8
648,mamiii,karol g,2,2022,2,10,716591492,94,Minor,84,90,70,9,0,14,8
649,still d.r.e.,dr. dre,2,1999,1,1,1210599487,93,Major,81,53,78,18,0,6,24
650,stay alive,jung kook,1,2022,2,11,246376690,130,Minor,51,50,76,30,0,10,7
651,boyfriend,dove cameron,1,2022,2,11,496311364,180,Minor,35,23,61,23,0,19,6
652,the joker and the queen,ed sheeran,2,2022,2,11,146789379,134,Major,53,31,31,92,0,28,3
653,the next episode,dr. dre,2,1999,1,1,843309044,95,Minor,92,31,89,3,0,8,25
654,light switch,charlie puth,1,2022,1,19,500340342,184,Major,69,91,63,11,0,9,31
655,city of gods,kanye west,3,2022,2,11,107255472,147,Minor,47,50,80,10,0,32,38
656,brividi,mahmood,2,2022,2,2,135079152,123,Major,52,44,60,40,0,26,3
657,lost,frank ocean,1,2012,1,1,822239726,123,Minor,91,49,61,3,0,17,22
658,in da club,50 cent,1,2002,1,1,1202722675,90,Minor,90,79,71,26,0,7,37
659,she's all i wanna be,tate mcrae,1,2022,2,4,343197054,160,Minor,61,65,64,1,0,12,4
660,ginseng strip 2002,yung lean,1,2013,8,16,240769997,115,Major,60,37,71,8,0,48,4
661,all for us - from the hbo original series euphoria,labrinth,2,2019,8,4,426204830,141,Major,37,17,67,2,0,34,9
662,notion,the rare occasions,1,2016,8,5,421135627,160,Major,31,30,88,7,0,8,8
663,formula,labrinth,1,2019,10,4,554875730,145,Major,57,23,66,4,6,15,4
664,mount everest,labrinth,1,2019,6,21,467727006,89,Minor,46,43,43,23,8,8,22
665,excuses,intense,3,2020,7,24,327498031,95,Minor,84,49,72,8,0,15,8
666,cigarettes,juice wrld,1,2021,12,10,185408548,160,Major,60,47,62,3,0,38,4
667,cayï¿½ï¿½ la noche,quevedo,7,2022,1,14,245400167,174,Minor,67,74,75,44,0,7,30
668,california love - original version,dr. dre,3,1995,12,28,579395142,92,Major,77,76,84,3,0,38,4
669,forgot about dre,eminem,2,1999,1,1,675039469,134,Major,93,61,74,9,0,17,8
670,down under,luude,2,2021,11,19,252871192,172,Minor,31,4,86,1,0,28,17
671,mujeriego,ryan castro,1,2021,12,17,231996128,80,Major,76,92,62,6,0,8,13
672,humble.,kendrick lamar,1,2017,3,30,1929770265,150,Minor,91,42,60,0,0,9,12
673,stan,eminem,2,1999,11,21,918915401,80,Minor,78,53,74,4,0,45,21
674,contection,godzz__-,2,2020,1,16,1180896317,166,Minor,81,83,75,14,0,29,34
675,swim,chase atlantic,1,2017,10,4,498960285,120,Major,67,8,54,27,0,8,4
676,a tu merced,bad bunny,1,2020,2,29,685071800,92,Major,86,89,79,17,0,11,6
677,numb little bug,em beihold,1,2022,1,28,258714692,85,Minor,74,61,52,30,0,26,9
678,212,mainstreet,2,2022,1,15,143139338,154,Minor,79,86,52,66,0,9,7
679,problemï¿½,alvaro diaz,2,2021,10,22,209768491,92,Minor,73,37,74,28,0,14,6
680,bussin,nicki minaj,2,2022,2,11,64714573,140,Major,89,75,70,6,0,13,5
681,worst day,future,1,2022,2,11,50746620,89,Major,65,60,60,11,0,10,40
682,malvada,zï¿½ï¿½ fe,1,2022,1,28,154119539,135,Minor,89,89,86,16,0,8,5
683,hrs and hrs,muni long,1,2021,11,19,181328253,140,Minor,51,66,53,60,0,11,18
684,alien blues,vundabar,1,2015,7,24,370068639,82,Major,47,44,76,8,91,9,3
685,thinking out loud,ed sheeran,1,2014,1,1,2280566092,79,Major,78,58,45,47,0,18,3
686,still don't know my name,labrinth,1,2019,10,4,563902868,88,Major,31,31,63,47,27,21,12
687,christmas tree,v,1,2021,12,24,317622165,139,Major,44,18,38,70,0,12,4
688,mal feito - ao vivo,marï¿½ï¿½lia mendonï¿½ï¿½a,2,2022,1,14,291709698,124,Minor,73,68,83,55,0,90,7
689,when i r.i.p.,labrinth,1,2019,10,4,203680270,80,Minor,39,45,55,73,0,9,21
690,do we have a problem?,nicki minaj,2,2022,2,4,81350745,120,Minor,84,54,51,47,0,12,40
691,forever,labrinth,1,2019,10,4,282883169,80,Minor,56,19,46,92,72,11,3
692,gospel,eminem,2,2022,2,4,64787943,117,Major,92,62,86,11,0,24,24
693,seï¿½ï¿½o,shawn mendes,2,2019,6,19,2484812918,117,Minor,76,77,52,4,0,8,3
694,new magic wand,tyler,2,2019,5,16,461437791,140,Minor,62,46,73,10,0,67,11
695,adore you,harry styles,1,2019,12,6,1439191367,99,Major,68,57,77,2,0,10,5
696,la santa,daddy yankee,2,2020,2,29,759208783,93,Major,74,59,87,3,0,8,5
697,something in the way - remastered 2021,nirvana,1,1991,9,24,368646862,106,Major,44,8,20,74,42,11,3
698,sweetest pie,dua lipa,2,2022,3,11,299634472,124,Major,81,68,63,17,0,10,22
699,bam bam,camila cabello,2,2022,3,4,756907987,95,Major,76,96,70,18,0,33,4
700,una noche en medellï¿½,cris mj,1,2022,1,21,682475162,96,Minor,87,82,53,10,0,5,8
701,envolver,anitta,1,2021,11,11,546191065,92,Minor,81,40,73,15,0,9,8
702,starlight,dave,1,2022,3,3,229473310,124,Major,95,36,37,35,0,10,28
703,hati-hati di jalan,tulus,1,2022,3,3,202677468,72,Major,64,76,44,70,9,12,4
704,"i'm tired - from ""euphoria"" an original hbo series",labrinth,1,2022,2,4,121913181,71,Minor,28,26,20,19,0,30,3
705,danï¿½ï¿½a,mc pedrinho,2,2022,2,1,208166039,135,Minor,78,55,57,4,0,10,8
706,yo voy,zion & lennox,1,2004,5,4,527033089,95,Major,81,56,70,4,0,5,24
707,"residente: bzrp music sessions, vol. 49",residente,2,2022,3,3,94616487,71,Minor,59,70,74,56,0,11,40
708,jordan,ryan castro,1,2021,4,30,394030335,180,Minor,80,71,68,6,0,10,37
709,nail tech,jack harlow,1,2022,2,18,193443895,150,Minor,65,11,58,0,0,12,9
710,chale,eden muï¿½ï,1,2022,2,18,299648208,189,Major,55,86,44,40,0,7,4
711,darari,treasure,1,2022,2,15,182978249,85,Major,72,55,64,49,0,7,4
712,ya no somos ni seremos,christian nodal,1,2022,2,18,319757142,140,Major,59,73,45,44,0,34,3
713,thinking with my dick,kevin gates,2,2013,7,16,109091573,81,Major,77,68,70,6,0,17,20
714,freaky deaky,tyga,2,2022,2,25,153240879,104,Minor,80,24,65,2,0,9,4
715,this is what falling in love feels like,jvke,1,2021,9,3,346127840,129,Major,42,33,44,62,0,8,6
716,la zona,bad bunny,1,2020,2,29,312622938,94,Minor,76,81,80,20,0,25,4
717,bohemian rhapsody - remastered 2011,queen,1,1975,10,31,2197010679,71,Minor,41,23,40,27,0,30,5
718,hope,xxxtentacion,1,2018,3,16,1200808494,146,Minor,59,23,46,66,0,15,6
720,wake me up - radio edit,avicii,1,2013,1,1,1970673297,124,Major,53,66,78,0,0,16,5
721,"jealousy, jealousy",olivia rodrigo,1,2021,5,21,665765558,164,Minor,70,71,58,24,0,7,13
722,monï¿½ï¿½y so,yeat,1,2021,9,10,263779030,138,Major,69,35,57,12,0,10,9
723,demasiadas mujeres,c. tangana,1,2020,10,8,339473453,126,Minor,67,37,46,13,0,10,39
724,something just like this,the chainsmokers,2,2017,2,22,2204080728,103,Minor,61,47,65,3,0,17,4
725,closer,the chainsmokers,2,2016,5,31,2591224264,95,Major,75,64,52,41,0,11,3
726,o.o,nmixx,1,2022,2,22,135444283,200,Minor,39,28,77,4,0,6,29
727,somebody that i used to know,gotye,2,2011,1,1,1457139296,129,Major,86,75,52,54,0,10,4
728,tom's diner,annenmaykantereit,2,2019,6,28,236872197,98,Minor,68,33,43,38,0,36,14
729,first class,jack harlow,1,2022,4,8,694525298,107,Major,91,32,56,3,0,11,10
730,plan a,paulo londra,1,2022,3,23,240661097,174,Major,58,56,83,5,0,7,4
731,fuera del mercado,danny ocean,1,2022,2,17,421365166,92,Major,45,27,67,32,0,13,14
732,x ï¿½ï¿½ltima,daddy yankee,2,2022,3,25,349746291,90,Major,81,59,83,9,0,11,5
733,when you're gone,shawn mendes,1,2022,3,31,255120451,147,Major,60,58,69,2,0,58,4
734,in my head,lil tjay,1,2022,4,1,190981339,143,Major,68,41,55,16,0,10,12
735,wait a minute!,willow,1,2015,1,11,924193303,101,Minor,76,63,71,3,0,10,3
736,love dive,ive,1,2022,4,5,305771063,118,Minor,70,54,71,0,0,33,4
737,pantysito,feid,3,2022,3,18,273005485,98,Minor,83,63,74,14,0,16,6
738,chance,paulo londra,1,2022,4,6,89566512,138,Minor,72,22,46,24,0,9,6
739,cool for the summer,demi lovato,1,2015,1,1,677389855,114,Minor,59,30,62,1,0,8,4
740,psychofreak,camila cabello,2,2022,4,7,75476209,180,Minor,63,45,64,34,0,9,8
741,angel baby,troye sivan,1,2021,9,9,408843328,145,Major,56,41,57,1,0,13,3
742,vampiro,matuï¿½ï¿½,3,2022,1,30,187772591,115,Minor,78,63,64,1,0,7,4
743,si quieren frontear,de la ghetto,3,2022,3,31,178512385,82,Major,79,48,84,13,0,21,23
744,right on,lil baby,1,2022,4,8,101780047,166,Major,70,22,61,2,0,10,34
745,me arrepentï¿,ak4:20,3,2022,3,30,118381354,92,Major,86,91,79,29,0,60,16
746,that's hilarious,charlie puth,1,2022,4,8,146363130,108,Major,71,55,44,74,0,11,6
747,soy el unico,yahritza y su esencia,1,2022,3,25,126443991,84,Minor,71,63,45,45,0,11,3
748,rumbatï¿½,daddy yankee,1,2022,3,25,157990698,95,Minor,69,90,91,6,0,35,4
749,sentadona,luï¿½ï¿½sa sonza,4,2022,3,17,176290831,135,Minor,93,77,45,25,0,13,27
750,falling,harry styles,1,2019,12,13,1023187129,110,Major,57,6,27,84,0,9,3
751,sigue,ed sheeran,2,1996,11,24,106933107,88,Major,89,59,64,5,0,19,7
752,fim de semana no rio,teto,1,2022,3,30,139193812,119,Minor,87,28,50,12,0,10,10
753,maniac,stray kids,1,2022,3,18,212234990,120,Major,58,71,80,15,0,7,41
754,there's nothing holdin' me back,shawn mendes,1,2016,9,23,1714490998,122,Major,86,97,80,36,0,9,6
755,idgaf,blackbear,2,2022,3,18,197643795,98,Major,78,83,75,41,0,27,8
756,golden,harry styles,1,2019,12,13,807015863,140,Minor,45,25,84,21,0,13,6
757,get lucky - radio edit,pharrell williams,3,2013,1,1,933815613,116,Minor,79,87,81,4,0,10,4
758,ain't shit,doja cat,1,2021,6,25,499710590,124,Major,86,62,49,51,0,35,21
759,"nobody like u - from ""turning red""",jordan fisher,6,2022,2,25,120847157,105,Minor,91,73,72,13,0,9,15
760,still life,bigbang,1,2022,4,5,53909146,118,Major,68,24,58,44,0,6,3
761,photograph,ed sheeran,1,2014,6,20,2236667932,108,Major,61,20,38,61,0,10,5
762,love yourself,justin bieber,1,2015,11,9,2123309722,100,Major,61,53,38,84,0,28,44
763,n95,kendrick lamar,1,2022,5,13,301242089,140,Minor,81,39,66,38,0,12,14
765,die hard,kendrick lamar,3,2022,5,13,237351106,101,Minor,78,40,74,36,0,17,27
766,despuï¿½ï¿½s de la p,bad bunny,1,2022,5,6,461558540,78,Major,56,61,90,36,0,18,31
767,un ratito,bad bunny,1,2022,5,6,417230415,93,Minor,79,22,55,31,0,12,5
768,united in grief,kendrick lamar,1,2022,5,13,156898322,87,Major,52,32,83,24,0,17,43
769,father time,kendrick lamar,2,2022,5,13,127309180,153,Minor,55,50,78,19,0,11,35
770,yo no soy celoso,bad bunny,1,2022,5,6,313113297,142,Major,87,93,59,28,0,17,5
771,rich spirit,kendrick lamar,1,2022,5,13,173702135,96,Minor,85,41,43,39,0,12,21
772,cooped up,post malone,2,2022,5,12,271666301,125,Major,50,39,78,4,0,11,33
773,me fui de vacaciones,bad bunny,1,2022,5,6,305650299,85,Major,71,43,65,23,0,9,5
774,silent hill,kendrick lamar,2,2022,5,13,123216717,140,Minor,92,78,57,46,0,14,9
775,la corriente,tony dize,2,2022,5,6,479655659,196,Minor,66,58,79,23,0,22,20
776,count me out,kendrick lamar,1,2022,5,13,126191104,134,Major,78,51,43,69,0,14,9
777,andrea,buscabulla,2,2022,5,6,344055883,103,Minor,80,45,62,76,0,10,38
778,dos mil 16,bad bunny,1,2022,5,6,338422004,130,Major,82,50,67,12,0,13,5
779,we cry together,kendrick lamar,2,2022,5,13,68895644,108,Major,65,52,69,31,0,8,36
780,savior,kendrick lamar,3,2022,5,13,86176890,123,Major,61,66,71,53,0,32,46
781,un coco,bad bunny,1,2022,5,6,403231558,152,Major,84,74,69,21,0,18,6
782,otro atardecer,bad bunny,2,2022,5,6,319546754,108,Major,78,55,60,59,0,7,4
783,worldwide steppers,kendrick lamar,1,2022,5,13,61739839,72,Minor,56,56,47,76,0,8,36
784,aguacero,bad bunny,1,2022,5,6,283359161,121,Minor,86,67,65,42,0,35,7
785,purple hearts,kendrick lamar,3,2022,5,13,76831876,138,Minor,57,71,82,19,0,15,29
786,un verano sin ti,bad bunny,1,2022,5,6,283332261,188,Minor,50,41,50,69,0,12,6
787,ultra solo,polima westcoast,2,2022,2,14,307752576,110,Major,80,26,85,23,0,11,21
788,ensï¿½ï¿½ï¿½ï¿½ame,bad bunny,1,2022,5,6,279737940,105,Major,81,77,79,19,0,47,8
789,el apagï¿½,bad bunny,1,2022,5,6,212351890,118,Major,63,60,70,5,0,9,31
790,callaita,bad bunny,2,2019,5,31,1304313953,176,Major,61,24,62,60,0,24,31
791,dua lipa,jack harlow,1,2022,5,6,150500965,158,Major,83,41,65,0,10,11,8
792,agosto,bad bunny,1,2022,5,6,246127838,115,Minor,85,72,58,9,0,49,12
793,house of memories,panic! at the disco,1,2016,1,15,582863434,110,Minor,51,48,82,0,0,5,3
794,mr. morale,kendrick lamar,2,2022,5,13,58687425,174,Major,73,26,54,30,0,34,32
795,that that,psy,2,2022,4,29,212109195,130,Major,91,91,96,3,0,3,9
796,in the stars,benson boone,1,2022,4,29,382199619,78,Major,36,30,54,34,0,14,5
797,rich - interlude,kendrick lamar,1,2022,5,13,41210087,104,Major,44,74,42,88,0,9,9
798,supermodel,mï¿½ï¿½ne,1,2022,5,13,231657891,121,Major,64,80,88,0,0,12,6
799,stefania,kalush,1,2022,3,10,53729194,105,Major,83,32,82,14,0,12,4
800,thousand miles,the kid laroi,1,2022,4,22,244741137,81,Major,38,20,66,9,0,9,8
801,crown,kendrick lamar,1,2022,5,13,42485571,170,Minor,37,14,24,80,0,11,4
802,auntie diaries,kendrick lamar,1,2022,5,13,37778188,78,Major,43,60,38,76,1,48,38
803,puffin on zootiez,future,1,2022,4,29,254218729,125,Major,88,28,66,6,0,13,31
804,mirror,kendrick lamar,1,2022,5,13,53603447,92,Minor,66,29,65,23,0,8,7
805,beautiful girl,luciano,1,2022,4,22,160035717,140,Minor,84,61,42,31,0,9,9
806,"paulo londra: bzrp music sessions, vol. 23",bizarrap,2,2022,4,25,164163229,96,Major,61,32,90,25,0,10,9
807,savior - interlude,kendrick lamar,1,2022,5,13,37091576,118,Minor,66,83,43,84,0,19,19
808,pasoori,shae gill,2,2022,2,6,284249832,92,Minor,71,67,60,7,0,6,4
809,mother i sober,kendrick lamar,2,2022,5,13,33381454,140,Minor,49,50,37,87,0,11,35
810,tus lï¿½ï¿½gr,sech,2,2022,4,1,184622518,174,Major,68,45,71,18,0,11,25
811,where did you go?,mnek,2,2022,1,26,300983101,127,Major,77,53,78,19,0,29,4
812,i tried to tell y'all,ugly dray,2,2022,5,6,121077868,96,Major,71,37,52,62,0,11,36
813,honest,justin bieber,2,2022,4,29,106919680,150,Minor,82,82,66,13,0,11,6
814,zoom,jessi,1,2022,4,13,136996305,100,Major,87,46,60,1,0,13,16
815,slomo,chanel,1,2021,12,24,65719930,105,Minor,73,59,81,13,0,9,6
816,fearless,le sserafim,1,2022,5,2,229497852,104,Major,86,43,62,5,0,13,14
817,10 things i hate about you,leah kate,1,2022,3,23,185550869,154,Major,54,45,79,1,0,17,5
818,space man,sam ryder,1,2022,2,22,54682594,80,Major,47,33,83,18,0,10,5
819,with you,ha sung woon,2,2022,4,24,240580042,150,Major,53,14,43,64,0,13,3
820,iris,the goo goo dolls,1,1998,3,31,1284942608,156,Minor,32,49,72,0,0,9,4
821,the heart part 5,kendrick lamar,1,2022,5,8,71423324,98,Minor,76,79,81,18,0,6,34
822,san lucas,kevin kaarl,1,2019,11,7,244891912,92,Major,58,27,36,86,0,9,3
823,this love,taylor swift,1,2022,5,6,132171975,144,Major,47,7,50,32,0,7,4
824,good looking,suki waterhouse,1,2017,10,20,184706613,150,Major,37,27,56,8,0,13,3
825,flowers,lauren spencer smith,1,2021,8,9,184826429,138,Major,70,31,44,84,0,9,39
826,yet to come,bts,1,2022,6,10,302006641,172,Major,56,68,89,4,0,33,19
827,run bts,bts,1,2022,6,10,330881149,77,Major,72,70,82,2,0,4,17
828,music for a sushi restaurant,harry styles,1,2022,5,20,334733572,107,Major,72,36,72,26,6,11,4
829,matilda,harry styles,1,2022,5,20,366214458,114,Major,51,39,29,90,0,10,4
830,for youth,bts,1,2022,6,10,114546317,117,Major,63,29,51,43,0,25,4
831,daylight,harry styles,1,2022,5,20,290833204,146,Major,69,63,45,48,0,18,4
832,vegas,doja cat,1,2022,5,6,448500832,160,Minor,80,74,60,8,0,14,26
833,cash in cash out,pharrell williams,4,2022,6,10,136676504,120,Major,88,15,56,1,0,8,6
834,potion,calvin harris,3,2022,5,27,190625045,100,Minor,82,76,70,16,0,8,5
835,born singer,bts,1,2022,6,10,79095270,158,Minor,60,68,84,4,0,24,11
836,little freak,harry styles,1,2022,5,20,273194684,142,Major,56,40,54,72,0,10,4
837,la llevo al cielo,nengo flow,4,2022,5,20,333146475,170,Minor,80,77,85,11,0,17,14
838,true love,kanye west,2,2022,5,27,194902696,84,Minor,71,39,86,2,0,51,25
839,satellite,harry styles,1,2022,5,20,311482393,139,Major,58,30,46,14,0,9,3
840,pass the dutchie,musical youth,1,1982,1,1,195918494,151,Major,73,88,67,20,0,32,5
841,"villano antillano: bzrp music sessions, vol. 51",bizarrap,2,2022,6,8,248511839,128,Minor,82,42,75,6,0,63,6
842,love of my life,harry styles,1,2022,5,20,233671263,118,Major,56,20,54,67,0,6,5
843,grapejuice,harry styles,1,2022,5,20,199587884,183,Major,65,88,72,36,14,20,3
844,so good,halsey,1,2022,6,9,91781263,83,Minor,63,29,62,4,0,18,4
845,belly dancer,byor,2,2022,2,18,383835984,122,Major,85,42,80,6,0,17,14
846,keep driving,harry styles,1,2022,5,20,236060709,165,Major,72,90,48,32,0,18,23
847,cinema,harry styles,1,2022,5,20,189236868,106,Minor,83,90,64,35,5,9,4
848,die young,sleepy hallow,2,2022,5,25,160845341,77,Major,81,68,58,83,0,11,34
849,only love can hurt like this,paloma faith,1,2014,1,1,588955257,91,Major,57,30,89,10,0,33,8
850,hold my hand,lady gaga,1,2022,5,3,238350348,148,Major,51,21,63,5,0,41,3
851,daydreaming,harry styles,1,2022,5,20,187703102,114,Minor,71,90,81,31,2,13,3
852,numb,marshmello,2,2022,6,10,295307001,120,Minor,91,63,77,12,1,10,5
853,nos comemos,ozuna,2,2022,6,2,138334433,92,Major,83,56,82,10,0,9,5
854,me and your mama,childish gambino,1,2016,11,10,445590495,118,Major,56,25,45,1,3,7,3
855,crazy what love can do,david guetta,3,2022,3,18,286739476,123,Minor,60,46,71,3,0,16,4
856,slow dancing in the dark,joji,1,2018,9,12,1122364376,89,Major,52,28,48,54,1,19,3
857,antes de perderte,duki,1,2022,6,2,157136970,110,Minor,81,61,93,49,0,12,11
858,boyfriends,harry styles,1,2022,5,20,137070925,118,Major,42,32,20,94,0,11,4
859,295,sidhu moose wala,1,2021,5,15,183273246,90,Minor,68,54,76,21,0,11,20
860,tak ingin usai,keisya levronka,1,2022,5,13,184807630,130,Major,49,14,40,82,0,11,3
861,en el radio un cochinero,victor cibrian,1,2022,5,13,164856284,154,Minor,70,97,62,47,0,10,4
862,master of puppets,metallica,1,1986,3,3,704171068,105,Minor,54,59,83,0,44,20,4
863,break my soul,beyoncï¿,1,2022,6,21,354614964,115,Minor,70,87,88,4,0,26,8
864,ultra solo remix,de la ghetto,5,2022,6,16,279717388,110,Major,91,59,82,8,0,6,8
865,massive,drake,1,2022,6,17,195628667,125,Minor,51,5,68,12,2,15,6
866,betty,yung gravy,1,2022,6,10,221752937,102,Major,73,62,75,0,0,34,8
867,ojos marrones,lasso,1,2022,2,6,263280370,120,Minor,81,72,65,4,0,14,4
868,pop!,nayeon,1,2022,6,24,213505179,97,Major,80,36,86,4,0,3,5
869,layla,schï¿½ï¿½rze,2,2022,3,24,130419412,140,Minor,44,41,92,0,0,44,7
870,more,j-hope,1,2022,7,1,155795783,97,Major,78,31,72,1,0,11,4
871,sweet child o' mine,guns n' roses,1,1987,1,1,1553497987,125,Major,45,67,90,9,11,10,5
872,last last,burna boy,1,2022,5,12,293466523,88,Minor,80,55,56,13,0,8,9
874,sticky,drake,1,2022,6,17,191448892,137,Minor,88,8,49,9,0,9,14
875,hot shit,kanye west,3,2022,7,1,85924992,157,Major,88,52,69,0,0,8,23
876,ai preto,l7nnon,3,2022,6,3,176103902,130,Major,95,83,57,54,0,10,25
877,la loto,anitta,3,2022,7,6,121189256,90,Major,85,80,83,10,0,8,11
878,die first,nessa barrett,1,2022,6,24,131746175,183,Minor,44,44,67,7,0,12,13
879,afraid to feel,lf system,1,2022,5,2,244790012,128,Major,58,68,91,2,0,27,11
880,baile no morro,mc vitin da igrejinha,3,2022,6,10,129314708,130,Minor,71,78,40,46,0,7,45
881,cï¿½ï¿½mo dormi,rels b,1,2022,8,4,331511413,126,Major,63,56,43,24,0,12,23
882,bad decisions,snoop dogg,3,2022,8,5,219196651,120,Major,77,94,87,2,0,23,12
883,staying alive,drake,3,2022,8,5,170732845,130,Minor,72,18,46,7,0,28,8
884,caile,luar la l,1,2020,12,18,273914335,122,Major,70,46,76,30,0,9,45
885,si te la encuentras por ahï¿,feid,1,2022,8,5,179061440,172,Minor,74,46,58,15,0,13,8
886,givenchy,duki,1,2022,7,20,185236961,103,Major,61,38,62,14,0,23,40
887,alien superstar,beyoncï¿,1,2022,7,29,171788484,122,Minor,55,46,64,0,0,17,10
888,mary on a cross,ghost,1,2019,9,13,387080183,130,Major,47,56,90,0,0,10,4
889,attention,newjeans,1,2022,8,1,264717480,105,Minor,81,70,65,24,0,8,4
890,the shade,rex orange county,1,2022,3,11,244928911,120,Major,90,73,51,39,0,9,6
891,"come back home - from ""purple hearts""",sofia carson,1,2022,7,12,97610446,145,Major,56,43,53,24,0,12,4
892,el rescate,grupo marca registrada,2,2022,7,22,287278853,99,Minor,79,64,59,28,0,11,14
893,heartless,kanye west,1,2008,1,1,887906111,88,Minor,79,66,65,5,0,25,14
894,stay with me,calvin harris,4,2022,7,15,123473120,126,Major,81,90,73,28,0,29,4
895,siempre pendientes,peso pluma,2,2022,8,15,295152154,136,Major,77,71,75,33,1,13,4
896,jgl,luis r conriquez,2,2022,2,18,323455692,113,Major,70,97,59,55,0,27,12
897,don't you worry,david guetta,3,2022,6,16,240918092,132,Major,82,49,88,20,0,21,3
898,pipoco,melody,3,2022,5,20,191873381,135,Major,77,74,74,47,0,34,8
899,hold me closer,elton john,2,2017,11,10,284216603,126,Major,67,49,77,11,0,19,11
900,forget me,lewis capaldi,1,2022,9,9,239411309,102,Minor,67,72,74,30,0,36,4
901,after like,ive,1,2022,8,22,265548837,125,Major,68,80,92,10,0,9,12
902,bound 2,kanye west,1,2013,1,1,703301727,149,Major,37,28,66,14,0,9,5
903,b.o.t.a.,interplanetary criminal,2,2022,6,15,244585109,137,Major,74,71,89,24,61,15,5
904,talk that talk,twice,1,2022,8,26,189476119,120,Minor,77,78,91,14,0,33,12
905,billie eilish.,armani white,1,2022,1,20,277132266,100,Major,90,75,50,11,0,9,26
906,ferxxo 100,feid,1,2022,6,3,278920007,164,Minor,70,58,57,25,0,15,7
907,ku lo sa - a colors show,oxlade,1,2022,6,10,222410722,93,Minor,65,79,66,31,0,22,7
908,prohibidox,feid,1,2022,9,13,185392587,180,Minor,65,52,80,5,0,6,25
909,static,steve lacy,1,2022,7,15,202452860,79,Major,34,22,31,43,63,10,7
910,the scientist,coldplay,1,2002,8,5,1608164312,146,Major,56,21,44,73,0,11,2
911,sparks,coldplay,1,2000,7,10,624101957,103,Major,37,17,27,75,5,10,3
912,talk,yeat,1,2022,9,2,148461629,140,Minor,70,26,76,8,0,54,23
913,xq te pones asï¿,yandel,2,2022,9,13,47093942,92,Major,81,48,70,13,0,15,7
914,selfish,pnb rock,1,2016,6,23,380319238,102,Minor,64,4,60,11,0,19,4
915,sin seï¿½ï,ovy on the drums,2,2022,7,22,209106362,118,Minor,82,75,85,33,1,11,4
916,lady mi amor,feid,1,2022,9,13,53987404,93,Major,78,75,62,6,0,15,6
917,poland,lil yachty,1,2022,6,23,115331792,150,Minor,70,26,56,14,83,11,5
918,the loneliest,mï¿½ï¿½ne,1,2022,10,7,225093344,130,Major,52,24,60,0,0,8,3
919,bye bye,marshmello,2,2022,10,14,84697729,83,Minor,65,24,53,6,0,51,4
920,baby otaku,fran c,4,2022,8,18,159240673,102,Major,84,43,75,5,0,6,8
921,nxde,(g)i-dle,1,2022,10,17,170709584,136,Minor,73,65,91,4,0,48,18
922,miss you,southstar,1,1982,5,16,154356956,145,Major,66,24,58,17,0,19,5
923,we fell in love in october,girl in red,1,2018,11,21,723043854,130,Major,57,24,37,11,18,16,3
924,2 be loved,lizzo,1,2022,7,14,247689123,156,Major,72,92,77,9,0,8,11
925,celestial,ed sheeran,1,2022,9,29,176474912,123,Major,57,50,85,5,0,16,4
926,typa girl,blackpink,1,2022,9,16,235549288,132,Major,92,53,62,7,0,63,10
927,i really want to stay at your house,rosa walton,2,2020,12,18,140430339,125,Minor,49,13,74,0,0,9,4
928,california breeze,lil baby,1,2022,10,14,85559365,162,Minor,74,22,67,0,0,11,46
929,bamba,luciano,3,2022,9,22,146223492,138,Major,80,82,81,14,0,13,36
930,casei com a putaria,mc ryan sp,3,2022,7,1,187701588,161,Minor,59,62,60,12,0,5,44
931,major distribution,drake,2,2022,11,4,154863153,131,Minor,91,23,55,1,0,7,32
932,pussy & millions,drake,3,2022,11,4,191333656,122,Minor,75,45,63,6,0,35,12
933,vigilante shit,taylor swift,1,2022,10,21,253650850,80,Minor,80,16,28,17,0,12,39
934,question...?,taylor swift,1,2022,10,21,223064273,109,Major,75,11,50,20,0,30,17
935,on bs,drake,2,2022,11,4,170413877,158,Major,84,33,36,2,0,39,59
936,mastermind,taylor swift,1,2022,10,21,218320587,126,Major,66,12,35,55,0,9,14
937,circo loco,drake,2,2022,11,4,141720999,104,Major,73,25,61,1,0,32,7
938,labyrinth,taylor swift,1,2022,10,21,187339835,110,Major,48,15,31,80,22,12,4
939,spin bout u,drake,2,2022,11,4,198365537,130,Major,77,20,70,1,0,16,5
940,sweet nothing,taylor swift,1,2022,10,21,186104310,177,Major,34,39,16,97,0,12,5
941,"would've, could've, should've",taylor swift,1,2022,10,21,177503916,158,Major,48,55,84,43,0,15,12
942,con la brisa,ludwig goransson,2,2022,11,4,71095708,114,Minor,62,25,44,51,33,14,3
943,privileged rappers,drake,2,2022,11,4,112436403,144,Major,93,62,61,0,0,12,20
944,the astronaut,jin,1,2022,10,28,203436468,125,Major,54,22,76,0,0,14,3
945,backoutsideboyz,drake,1,2022,11,4,93367537,142,Minor,85,40,43,4,0,39,32
946,broke boys,drake,2,2022,11,4,106249219,120,Major,64,11,53,1,0,25,27
947,the great war,taylor swift,1,2022,10,21,181382590,96,Major,57,55,74,22,0,8,4
948,my mind & me,selena gomez,1,2022,11,3,91473363,144,Major,60,24,39,57,0,8,3
949,bigger than the whole sky,taylor swift,1,2022,10,21,121871870,166,Major,42,7,24,83,1,12,6
950,a veces,feid,2,2022,11,3,73513683,92,Major,80,81,67,4,0,8,6
951,en la de ella,feid,3,2022,10,20,133895612,97,Major,82,67,77,8,0,12,5
952,alone,burna boy,1,2022,11,4,96007391,90,Minor,61,32,67,15,0,11,5
